Player,G,PP,POS,SCR,AST,GLS,BLK,PLUSMINUS,CMP,CMPPER,Y,TY,RY,OEFF,HA,T,S,D,C,HCK,HCKPER,PUL,OPP,DPP,MP
Alex Atkins - COL,4,27.25,24.25,4.5,3,1.5,2,2.75,34,90.07,276,193.75,82.25,48.45,1,3.25,0,0.5,0,1.5,50,19.25,5,22.25,32.32
Mark Whitton - PIT,1,27,26,3,1,2,1,3,12,,343,143,200,34.62,0,1,0,0,0,1,100,0,25,2,23.87
Ben Thoennes - ORE,8,25.5,23.13,5.13,3.75,1.38,1.63,1.5,25.63,80.39,491.63,324.75,166.88,41.62,1.75,5.13,0.13,0.13,0,3.25,53.06,10.13,11.63,13.88,27.98
Will Selfridge - SLC,9,25.22,28,6,2.67,3.33,0.67,4.78,24.11,91.95,434.22,186.22,248,60.71,1.89,1.78,0,0.11,0,1.22,61.11,0,21.22,4,26.04
Arvids Karklins - TOR,8,25,26.13,5.25,3.13,2.13,1.13,4.38,20.75,91.21,512.5,199,313.5,55.02,2,1.88,0,0.13,0,1.5,57.14,1.38,20.88,4.13,24.74
Joseph Cubitt - DET,10,24.9,33.9,3.3,2,1.3,0.6,-0.8,43.4,89.67,426,303,123,36.28,2,4.3,0,0.4,0,0.9,45,0,24.9,0,26.36
Brett Hulsmeyer - ATL,13,24.85,26.69,4.08,2.15,1.92,0.85,3,27.15,93.39,427.77,140.92,286.85,61.67,2.46,1.69,0.08,0.23,0,0.62,47.06,0.62,18.85,6,27.28
Ben Jagt - NY,13,24.85,27.23,4.85,1.38,3.46,0.69,4.62,15.31,93.87,331.23,47.85,283.38,56.5,1.62,0.85,0,0.08,0,0.08,25,2.31,21.69,3.15,26.67
Dan Vockeroth - LV,5,24.6,28,2.8,1.4,1.4,1.2,2.4,19.2,92.31,313.6,111.8,201.8,32.14,1.2,1.2,0,0.4,0,0.6,50,0.2,18.8,5.8,29.16
Kyle Henke - ATX,13,24.54,28.23,4.38,2.23,2.15,0.92,2.85,32.85,91.83,499.31,261.15,238.15,56.13,2.77,2.46,0.08,0,0,1.23,51.61,0.08,22.31,2.23,25.93
Marcel Oliart - PIT,9,24.44,28.67,4.78,1.44,3.33,0.56,4,25.22,94.98,400.89,111.11,289.78,45.74,2,1.11,0,0.22,0,0.22,100,0,23.56,0.89,26.52
Seth Gudeman - IND,10,24.4,28.8,4.6,1.9,2.7,2,4.4,26.6,90.78,388.7,134.9,253.8,38.89,1.5,2.2,0.1,0,0.1,0.6,42.86,2.9,18.9,5.5,27.22
Jake Felton - DET,12,24.33,30.92,6.67,5.17,1.5,0.33,1.33,33.83,83.88,545.17,396.67,148.5,36.12,1.5,5.5,0,0.17,0,4.08,59.04,0.75,23,1.33,24.86
Lukas Ambrose - SEA,9,24.22,15.89,2.11,0.44,1.67,1.44,2.67,9.56,91.49,167.44,48.11,119.33,51.05,1.22,0.78,0,0.11,0,0.11,50,7.89,4.78,19.44,25.41
James Lewis - TOR,11,24.09,27.09,4.91,2,2.91,0.82,4.27,26.09,94.1,468.55,172.73,295.82,54.03,2.45,1.36,0,0.09,0,0.36,57.14,0.09,21.18,2.91,24.58
Ben Dameron - NY,1,24,29,4,3,1,0,2,30,90.91,473,227,246,51.72,2,2,0,0,0,0,,0,24,0,27.07
Chad Yorgason - SLC,13,24,26.31,5.69,3.38,2.31,0.31,4.08,21.31,92.33,507.69,234.92,272.77,60.23,2.46,1.69,0,0.23,0,2,81.25,0,20,4,24.59
Sol Yanuck - CAR,1,24,27,3,2,1,0,3,45,100,313,219,94,70.37,3,0,0,0,0,0,,0,23,1,22.68
Xavier Fuzat - HTX,3,24,25.33,4.67,2,2.67,1,4.67,22,95.65,309.33,84.67,224.67,50,2,0.67,0,0.33,0,0.33,50,0,18.33,5.67,27.44
Tobias Brooks - COL,6,23.83,27.83,5,4.17,0.83,0.33,2.33,51.17,94.17,657,537.67,119.33,55.09,4.33,2.83,0,0.17,0,2.5,65.22,0,22.67,1.17,26.34
Chase Cunningham - HTX,7,23.71,24.86,4,2.86,1.14,0.57,1.14,31.29,89.02,429,277.14,151.86,52.87,2,3.14,0,0.29,0,0.71,38.46,3.14,18.29,5.43,23.79
John Randolph - NY,13,23.69,23.08,5.38,3.08,2.31,0.46,5.08,30.38,96.81,395.31,217.46,177.85,59,2.31,0.77,0,0,0,0.85,73.33,0,16.77,6.92,26.08
Jackson Potts - ATX,8,23.63,27.25,6.13,3.5,2.63,0.25,4.75,19.75,92.94,348.88,134.13,214.75,57.8,1.5,1.5,0,0.13,0,0.63,41.67,0.5,21,2.63,24.97
Justin Perticone - DET,8,23.5,32,2.5,1.25,1.25,0.63,1.25,23.38,93.5,297.5,114.75,182.75,39.06,2.38,1.38,0,0.5,0,0.25,40,0,22.5,1,26.18
Ben Lewis - HTX,6,23.33,25.33,3.83,1.17,2.67,0.67,3.33,17,93.58,365.17,122.67,242.5,50.66,1.67,0.67,0,0.5,0,0.67,80,0,17.33,6,25.09
Calvin Brown - NY,7,23.29,27.86,5.71,3.86,1.86,0.29,1.86,46.57,91.57,715.71,524.14,191.57,61.54,2.43,3.57,0,0.57,0,3.43,72.73,0,23.29,0,26.26
Anil Driehuys - PIT,4,23.25,27.25,4.5,2.75,1.75,0,2,34.75,92.05,480,259.25,220.75,46.79,1,2.5,0,0,0,1.75,46.67,0,23.25,0,25.28
Tom Blasman - TOR,12,23.25,24.75,4.92,4,0.92,0.33,2.92,37.67,93.58,509.17,362.17,147,53.2,2.25,2.08,0.08,0.25,0,2,61.54,0.5,19.33,3.92,23.39
Anthony Gutowsky - MAD,13,23,24,5.08,0.85,4.23,1.46,4.92,13.31,91.53,270.08,50.62,219.46,50.32,1.15,1,0,0.62,0,0.08,25,0,13.38,9.62,26.15
Noah Coolman - COL,13,23,20.38,3.69,2,1.69,1.85,4.23,14.62,90.91,291.85,120.62,171.23,54.72,1.31,1.31,0,0,0,0.69,64.29,0.08,8.31,14.69,26.22
Will Hoffenkamp - PIT,10,23,25.9,3.4,2.2,1.2,0.5,0.6,48.8,92.95,349.7,252.2,97.5,44.79,3,2.9,0,0.4,0,0.3,37.5,0.2,20.4,2.6,24.39
Khalif El-Salaam - SD,12,22.92,21,4.83,2.5,2.33,0.17,3.75,17,92.31,331.75,113.17,218.58,55.56,1.42,1.08,0,0.17,0,0.58,63.64,1.67,13.42,9.5,25.92
Alex Mullen - PIT,7,22.86,26.43,4.14,1.71,2.43,0.86,2.86,29,94.86,357.43,149.43,208,41.62,1.14,1.43,0,0.71,0,0.71,50,0,21,1.86,24.54
Joey Wylie - ATX,11,22.82,23.55,3.64,2.09,1.55,0.45,3,24.55,96.09,343.36,151.27,192.09,56.76,1.73,0.91,0,0.18,0,0.18,50,0,15.55,7.27,24.81
Leo Gordon - OAK,9,22.78,26.78,5.22,3.56,1.67,0.44,3.78,37.44,95.2,478.44,286.89,191.56,64.32,2.89,1.78,0,0.11,0,1,75,0,22.33,0.44,22.16
Matt Bennett - HTX,8,22.75,15.13,1,1,0,0.63,-0.5,24.5,91.16,163.5,179.75,-16.25,42.15,1.25,2,0,0.13,0,0.63,45.45,0.25,8,14.75,24.26
Evan Bembenista - PIT,7,22.71,25,2.29,0.57,1.71,0.43,1.14,10,89.74,221.29,69.43,151.86,40.57,1.14,1,0,0.57,0,0.43,42.86,0,18.29,4.43,24.34
Marcel Osborne - SD,14,22.71,26.14,4.07,1.57,2.5,0.5,2.5,27.64,93.93,374.07,185.64,188.43,55.46,3,1.64,0,0.43,0,0.29,66.67,0.36,19.29,3.43,24.55
Quinn Finer - COL,13,22.69,27.54,5.38,2.62,2.77,0,3.46,24.62,92.22,455.08,203.69,251.38,53.63,2.31,1.69,0,0.23,0,1.69,66.67,0,21.77,0.92,26.56
Travis Dunn - SD,12,22.67,26.42,5.83,3.92,1.92,0.58,4.5,22.92,92.28,425.42,174.75,250.67,57.73,1.58,1.75,0,0.17,0,1.25,55.56,0,21.5,1.17,22.79
Jimmy Zuraw - HTX,11,22.64,24.36,3.45,2.36,1.09,0.64,1.91,30.64,93.87,372.91,231,141.91,52.24,2.27,1.73,0.09,0.45,0,1,78.57,1.82,18.27,4.36,23.97
Aiden Landis - PIT,8,22.63,21.25,3.13,2.63,0.5,0.5,-0.5,21.13,82.84,326.5,229.38,97.13,43.53,1.13,4,0,0.13,0,1.63,52,4.63,13.25,9.38,24.33
Brendan Gessner - DET,12,22.42,28.33,1.75,0.33,1.42,0.25,1.25,12.67,96.2,189.58,44.67,144.92,35.29,0.83,0.5,0,0.25,0,0.17,100,0,20.92,1.5,23.48
Sean McDougall - LA,8,22.38,25.75,4.5,2.38,2.13,1.5,5,17.38,94.56,306.75,106.88,199.88,47.57,1.25,1,0,0,0,0.88,63.64,0,20.13,2.25,23.25
James Franklin - LA,9,22.33,26,6,3,3,0,3.78,18.22,89.62,417.33,145.11,272.22,49.15,1.44,2.11,0,0.11,0,1.44,65,0,21,1.33,23.63
John McMonigal - PIT,11,22.27,25.45,3.64,1.91,1.73,0.64,2.27,25.45,93.02,340.55,139.18,201.36,46.79,1.64,1.64,0,0.36,0,0.73,57.14,0,18.82,3.45,24.49
Solomon Rueschemeyer-Bailey - NY,12,22.25,26.83,2.25,1.25,1,0.08,1,45.5,97.15,475.83,364.42,111.42,57.45,2.75,1,0,0.33,0,0,0,0,22.25,0,25.12
Mike Mackenzie - TOR,5,22.2,13.6,2.2,0.6,1.6,0.8,1.8,8.8,89.8,187.6,75,112.6,52.94,1.4,1,0,0.2,0,0.2,50,4.2,3.8,18.4,23.69
Garrett Martin - SEA,11,22.18,26.64,6.18,2.82,3.36,0.36,4.91,18.55,94.01,382.36,133.91,248.45,57.34,2.09,1.09,0,0.55,0,0.82,81.82,0,20.36,1.82,25.07
Aaron Wolf - SEA,6,22.17,24,4,2.67,1.33,0.83,1.67,28.33,90.43,312.5,249.33,63.17,51.39,2.17,2.83,0.17,0.33,0,0.83,62.5,1.33,14.5,7.67,23.43
Christophe Tremblay-Joncas - MTL,11,22.09,24.82,5.09,4,1.09,1,3.73,23.45,90.85,471,273.09,197.91,49.82,2,1.91,0,0.45,0,2.36,81.25,0.82,19,3.09,24.08
Tyler Reinhardt - HTX,12,22.08,17.75,1.5,0.75,0.75,0.17,-0.33,22.08,92.01,224.17,157.17,67,43.66,1.67,1.83,0,0.17,0,0.33,44.44,2.25,10.17,11.92,23.47
Matt Miller - SD,14,22.07,26.21,4.29,2.64,1.64,0.57,2.14,37.07,92.18,509.79,344,165.79,55.59,2.29,2.64,0,0.07,0,1.79,67.57,0.07,20,2.07,24.15
McKay Yorgason - SLC,14,22.07,25.64,3.64,3.14,0.5,0.36,2.29,44.07,95.81,451.43,338.71,112.71,61.56,3.86,1.57,0.07,0.14,0,0.57,80,0,19.93,2.14,22.38
Axel Olson - SEA,1,22,15,3,3,0,2,5,25,100,278,279,-1,,3,0,0,0,0,2,100,10,5,17,25.42
Collin Hill - DET,8,22,30.38,1.88,1.13,0.75,0.75,0.38,27.25,91.21,287.38,176.75,110.63,39.51,1.25,2,0,0.25,0,0.5,50,0,22,0,23.63
David Barram - ORE,10,22,28.4,2.6,2.2,0.4,0.1,0,36.5,91.94,388,338,50,39.79,2.1,2.4,0,0.3,0,2.3,63.89,0,21.9,0.1,25.67
Adam Miller - ATL,13,21.85,24.92,5.23,3.31,1.92,0.08,4,36.08,96.3,401.15,250.23,150.92,62.04,2.08,1.23,0,0.08,0,1.08,73.68,0.38,19.77,2.08,24.69
Jimmy Towle - PIT,8,21.75,26.13,1.88,0.63,1.25,0.25,1.5,17,96.45,214.88,93.63,121.25,44.98,1.25,0.5,0,0.13,0,0,0,0,21.75,0,22.75
Reese Bowman - ATX,8,21.75,24.5,3.5,1.63,1.88,0.13,2.63,11.75,93.07,231.38,98.38,133,55.1,1.25,0.75,0,0.25,0,0.5,57.14,0.13,20.63,1.13,22.48
Connor Concannon - DET,11,21.73,27,3.27,0.91,2.36,0.18,1.82,7.27,87.91,251.55,36.55,215,34.68,0.82,1,0,0.64,0,0.36,66.67,0,20.09,1.64,22.12
Jonathan Mast - PIT,10,21.7,26.4,3.5,2.8,0.7,0.1,1.7,43,95.34,401.7,315.1,86.6,45.45,2.2,1.7,0,0.2,0,1.1,64.71,0,21.7,0,24.5
Mark Henke - ATX,12,21.67,22.17,4.92,1.83,3.08,1,5.17,14.08,96.02,259.5,62.67,196.83,56.02,1.33,0.58,0,0.17,0.08,0.25,75,0,14.42,7.25,24.12
Jack Galle - IND,8,21.63,24.13,3,0.63,2.38,1,2.88,15.25,95.31,206.75,39.25,167.5,37.31,0.63,0.75,0,0.38,0,0.13,100,0,14.63,7,24.24
Rutledge Smith - CAR,8,21.63,25.13,5.13,1.5,3.63,0.38,4.5,40.38,97.58,372.88,207,165.88,61.69,1.88,0.75,0,0.25,0,0,,0,20.75,0.88,24.51
Sam Grossberg - PHI,9,21.56,24.78,4.56,2.33,2.22,0.22,3.33,46.89,96.13,488,336.33,151.67,56.05,2.33,1.33,0,0.11,0,0.78,53.85,0,20.56,1,24.44
Zeppelin Raunig - SEA,9,21.56,26.33,4.67,1.22,3.44,0.67,4.67,11.33,94.44,358.11,62.56,295.56,53.59,1,0.56,0,0.11,0,0.22,100,0,21,0.56,22.55
Eric Brodbeck - ATX,13,21.54,26,3.77,1.62,2.15,0.31,3,24.77,94.71,345.85,190.85,155,56.8,1.62,1.08,0,0,0,0.15,66.67,0,21.23,0.31,23.49
Austin Taylor - ATL,14,21.5,25.14,5.14,4.14,1,0.14,3.86,44.21,96.42,553.79,384.36,169.43,63.35,2.21,1.29,0,0.14,0,2.36,78.57,0,21.21,0.29,24.35
Daan De Marrée - CHI,10,21.5,25.1,7.8,3.3,4.5,1.9,8.3,27.3,95.79,516.8,193.3,323.5,59.36,2.9,1.1,0,0.3,0,0.5,55.56,0.4,15.7,5.8,23.37
Martin Gallant - TOR,4,21.5,23.5,5.75,2.25,3.5,0.5,3.75,27.25,91.6,402.5,213.25,189.25,58.51,2,2.5,0.25,0,0,0.5,66.67,0,19.5,2,23.3
Sean Mott - PHI,12,21.42,25.75,5.17,3.83,1.33,0.25,3.17,43.75,94.09,540.5,357.75,182.75,52.1,2.75,1.92,0,0.33,0,1.58,55.88,0.33,20.83,0.58,24.15
Evan Magsig - OAK,14,21.36,25.14,4.86,3.36,1.5,0.43,3.14,49.21,95.83,455.21,342.43,112.79,60.8,2.71,2.07,0.07,0.07,0,1.57,70.97,0.5,19.71,1.64,21.88
Jacob Fairfax - CAR,10,21.3,23.9,5.2,1.6,3.6,0.5,4.7,16.8,96,391.9,81.6,310.3,60.67,1.5,0.7,0,0.3,0,1.2,85.71,0,19.5,1.8,21.64
Elliot Hawkins - COL,4,21.25,21,5,2.5,2.5,0.75,4.25,11,88,357.75,89,268.75,52.38,0.75,1.25,0,0.25,0,0.75,75,1.25,15.75,5.5,20.75
Hayden Austin-Knab - ATL,14,21.21,24.5,4.21,2.64,1.57,0.36,3.21,30.79,95.35,407.36,242.36,165,62.39,2.36,1.29,0,0.07,0.07,1.57,75.86,0.14,20.57,0.64,23.71
Ty Barbieri - TOR,10,21.2,23.8,4.4,0.8,3.6,0.1,3.1,7.3,89.02,200.5,21.4,179.1,55.04,0.5,0.9,0.1,0.5,0,0.2,40,0,19.4,1.8,22.11
Zeke Thoreson - COL,6,21.17,26,3.5,1.17,2.33,0.33,2.67,17,94.44,369.33,66,303.33,57.05,2.17,0.83,0,0.33,0,0.17,50,0,20.17,1,25.26
Jeremy Hill - MTL,8,21.13,24.88,2.63,0.88,1.75,0.63,1.88,10.5,90.32,235.38,64.88,170.5,50.75,1.13,1,0,0.38,0,0.5,80,0,19.75,1.38,22.16
Ethan Bloodworth - CAR,10,21.1,14.8,2.6,2.1,0.5,0.8,2.6,18.1,95.77,159.1,80.5,78.6,56.76,1.8,0.7,0,0.1,0,0.3,75,0.3,6.4,14.7,23.92
Jakob Brissette - MTL,12,21.08,25.83,2.25,1.83,0.42,0.42,0.25,42.17,94.05,394.33,345.75,48.58,51.61,2.92,2.33,0,0.08,0,0.92,61.11,0,20.75,0.33,22.72
Quinn Buermeyer - ORE,12,21.08,26.75,2.08,0.25,1.83,0.33,1,19,93.06,194.75,65.17,129.58,38.63,1.17,1.17,0,0.25,0,0.08,25,0,20.33,0.75,25.69
Conor Belfield - SEA,8,21,25,5.38,2.88,2.5,0.88,4.38,20.38,91.06,451.13,129.75,321.38,53,1.63,1.5,0,0.38,0,0.88,50,0,19.38,1.63,24.1
Eli Kerns - OAK,7,21,15.57,2.57,2,0.57,1,2,19,89.86,151.86,134,17.86,48.62,1.14,1.57,0,0,0,1.43,50,14.14,2.71,18.29,21.46
Kevin Pignone - CAR,5,21,25.8,2.6,2.2,0.4,0.2,0.8,34.6,94.02,364.2,290.2,74,62.02,3.2,2,0,0,0,0.8,66.67,0.2,20.8,0.2,21.18
Zach Morton - MIN,1,21,20,2,1,1,3,5,5,,158,56,102,65,0,0,0,0,0,1,100,0,8,13,16.98
Adam Rees - OAK,12,20.92,23.67,4.58,1.33,3.25,0.58,4.25,18.5,96.1,335.42,109.08,226.33,62.32,2.17,0.67,0,0.25,0,0.42,100,0.08,18.42,2.5,21.83
Matt LaBar - NY,13,20.92,24.46,4.77,2.08,2.69,0.38,3.85,20.62,94.7,370.69,125.08,245.62,58.18,2,1.08,0,0.23,0,0.77,66.67,0,20.08,0.85,24.31
John McDonnell - CAR,11,20.91,25.55,1.73,1.36,0.36,0.18,0,55.73,95.78,359.45,379.73,-20.27,60.14,3.73,1.91,0.09,0,0,0.45,62.5,0,20.82,0.09,23.57
Jack Williams - NY,11,20.91,24.09,3.91,2.82,1.09,0.36,2.45,39.73,94.38,456.18,297.27,158.91,55.85,2.55,1.82,0,0,0,0.82,50,0,19.64,1.27,23.08
Adam McNichols - ORE,10,20.9,26.4,2.9,2.6,0.3,0.6,0.7,28.4,91.32,352,183.6,168.4,38.26,1.9,2.3,0.1,0.5,0,1.4,50,0,20.2,0.7,23.87
Mikey O'Brien - SEA,10,20.9,14.1,0.8,0.7,0.1,0.7,1.3,8.2,96.47,85.3,27.5,57.8,50.35,0.4,0.2,0.2,0,0,0,,1.6,3,17.9,22.61
Quentin Bonnaud - MTL,12,20.83,25.17,6,1.58,4.42,0.58,5.33,15.58,92.12,381.5,77.75,303.75,51.32,1.17,1.08,0,0.17,0,0.58,58.33,0,20.08,0.75,22.12
Allan Laviolette - CAR,11,20.82,25.82,8.09,6.09,2,0.55,7,35.73,94.93,514.55,359.45,155.09,58.1,1.36,1.45,0,0.18,0,2.91,86.49,0,20.73,0.09,23.76
Jonathan Lyle - LA,11,20.82,25.27,6.09,3.82,2.27,0.18,4.27,26.64,93.31,478.64,212.36,266.27,49.28,2.55,1.64,0,0.36,0,1.91,75,0,20.45,0.36,23.34
Wilkie Lewis - TOR,11,20.82,23.27,2,0.64,1.36,0,0.82,12.73,94.59,188.45,66.73,121.73,53.13,1.09,0.73,0,0.45,0,0.18,40,0,18.27,2.55,22.57
Xavier Payne - CHI,10,20.8,17.4,3.2,2.6,0.6,1.5,2.7,30.6,92.17,237.3,229.2,8.1,55.17,1.6,1.9,0,0.1,0.1,1.3,59.09,15.2,2.7,18.1,23.81
Scott Heyman - PHI,10,20.7,24.7,6.2,3.9,2.3,0.6,4.9,30.4,93.25,564.4,311.3,253.1,54.25,2.7,1.8,0.1,0.1,0,2.2,81.48,0,19.8,0.9,23.45
Kevin Quinlan - MTL,12,20.67,25.42,3.08,2.5,0.58,0.25,1.58,26.5,93.53,358.83,218.5,140.33,51.15,2.08,1.67,0.08,0.08,0,1.33,64,0,20.33,0.33,22.51
Nate Knutson - ORE,10,20.6,26.1,3.9,0.9,3,0.7,3.7,14.3,94.08,231.4,35.2,196.2,35.25,1.5,0.5,0,0.4,0,0,,0,18.7,1.9,25.36
Walker Frankenberg - OAK,12,20.58,24.58,7,3.58,3.42,0.33,5.5,29.08,94.07,573.67,243,330.67,64.07,2.58,1.75,0,0.08,0,0.58,87.5,0,20.42,0.17,20.73
Luc Comire - TOR,9,20.56,23.89,2.44,1.89,0.56,0.11,1,34,95.63,404.44,294.89,109.56,54.88,2.22,1.56,0.11,0,0,0.89,57.14,0,19.56,1,22.79
Nathan Ploeger - DET,9,20.56,22.22,2,0.67,1.33,0.22,1.44,7.11,85.33,189.22,45.67,143.56,34.5,0.67,0.78,0,0,0,0.11,50,0,15.22,5.33,21.43
Christian Foster - SEA,8,20.5,23,3,2.63,0.38,0.13,1.25,30,93.39,410,344.38,65.63,53.8,1.88,1.88,0.13,0,0,3.25,83.87,1.5,18.25,2.25,20.21
Jack Havey - IND,8,20.5,24.63,2.25,0.88,1.38,0.25,1.13,21.88,95.63,298.13,153.5,144.63,42.13,1.5,0.88,0,0.5,0,0.13,33.33,0,16.88,3.63,22.48
Myles Armstrong - ATX,10,20.5,24.6,4,1.8,2.2,0,2.8,18.8,94.95,305.1,131.1,174,55.69,1.8,1,0,0.2,0,0.9,90,0,20.1,0.4,22.32
Thomas Edmonds - DC,10,20.5,22.1,3.8,1.8,2,0.5,3,30.4,94.41,324.5,188.7,135.8,52.04,1.3,1.3,0,0,0,0.6,60,1.9,15,5.5,24
Charlie Vukovic - PIT,9,20.44,17,2,1.22,0.78,0.67,0.22,10.89,80.99,162.33,72.78,89.56,35.29,0.56,2.22,0.11,0.22,0,0.33,25,10.89,5,15.44,21.54
Connor Ughetta - HTX,10,20.4,15.1,1.4,0.8,0.6,0.1,0.2,12.7,91.37,163.7,87.8,75.9,39.74,0.4,1.1,0,0.2,0,0,0,8,7.2,13.2,21.07
Tony Goss - SEA,10,20.4,22.1,2.8,1.3,1.5,0.4,2.2,28,96.55,220.7,145.4,75.3,58.37,2.1,0.9,0,0.1,0,0.3,100,0,16,4.4,23.1
Jeff Weis - CHI,8,20.38,15.25,1,0,1,0.88,1.63,12.63,99.02,79.88,34,45.88,53.28,1.25,0,0,0.25,0,0,,0,3.38,17,21.77
Jordan Salazar - HTX,11,20.36,19.36,2.82,0.91,1.91,0.36,2.73,10.64,96.69,232.18,47.45,184.73,51.17,0.91,0.27,0,0.18,0,0.09,100,0,13.73,6.64,21.43
Kyle Rubin - SD,11,20.36,24,2.18,1.45,0.73,0.27,1.73,16.18,95.19,231.55,133.73,97.82,58.33,1.82,0.36,0,0.36,0,0.36,80,0,20.27,0.09,20.24
Elliott Moore - ATX,12,20.33,22.83,3.5,2.5,1,0.08,1.33,31.58,93.35,399.75,306.5,93.25,54.74,2.33,2.17,0.08,0.08,0,1,66.67,0,16.17,4.17,22.31
Mark Lloyd - TOR,3,20.33,13,1.67,1,0.67,0.67,1,6.33,86.36,109.33,50.33,59,51.28,1,1,0,0.33,0,0.67,50,0,4,16.33,20.14
Tristan Van de Moortele - MIN,16,20.31,18.63,3.06,2.06,1,0.38,2.06,24.88,94.76,250.94,164.69,86.25,49.66,1.63,1.25,0,0.13,0,0.5,53.33,0.5,6.5,13.81,24.7
Nicholas Betsch - IND,10,20.3,16.9,2.6,1.8,0.8,0.7,0.3,18.8,86.24,258.4,185,73.4,39.64,0.8,2.7,0,0.3,0,0.8,61.54,3.2,7.6,12.7,20.28
Lucas Storm - PIT,7,20.29,21.57,3.14,1.57,1.57,0.57,2.71,12.57,93.62,212.86,75.14,137.71,45.03,0.71,0.86,0,0.14,0,0.43,60,0,15.71,4.57,21.8
Tim Schoch - CHI,7,20.29,15.86,1.71,0.71,1,1.57,3,8.29,98.31,81.71,23.86,57.86,56.76,0.43,0,0.14,0.29,0,0,,0,2.14,18.14,22.39
Justin Wollin - DET,4,20.25,23,1.75,0.5,1.25,0.25,0.25,22,93.62,260,176.5,83.5,41.3,1.75,1,0,0.75,0,0.25,50,0,20.25,0,18.29
Ryan Hiser - LV,8,20.25,26.75,2.88,2.5,0.38,1,0.5,30.38,90.67,379.88,266.75,113.13,35.51,2.38,2.88,0,0.5,0,2.5,68.97,0.63,19.13,1.13,23.59
Marc Munoz - SEA,10,20.2,18.6,3.3,2.5,0.8,0.7,2.3,24.4,93.49,311.2,207,104.2,54.3,2.1,1.5,0.1,0.2,0,1.2,85.71,0,11.9,8.3,22.72
Adam Grossberg - PHI,8,20.13,15.25,2.75,2.13,0.63,0.88,1.25,13.88,87.4,211.25,121.25,90,47.54,1.25,1.88,0,0.5,0,0.88,46.67,1.38,7.25,12.88,23.71
William Wettengel - CHI,8,20.13,14.13,2.25,1.25,1,1.88,3.5,7.88,90,161.5,48.75,112.75,59.29,0.38,0.63,0,0,0,0.25,40,0.75,2.13,18,22.83
Grayson Sanner - CAR,12,20.08,24.25,4.67,2,2.67,0.58,3.58,17.5,91.7,365.58,117.25,248.33,61.51,1.75,1.25,0,0.42,0,0.83,83.33,0.08,19.75,0.33,21.78
Chris Walsh - DET,2,20,26.5,3,2.5,0.5,1,2,31.5,92.65,416,269,147,41.51,0.5,2,0,0,0,1,100,0,20,0,21.34
Everest Shapiro - NY,12,20,18.42,1.92,0.5,1.42,0.42,1.17,11.58,94.56,194.58,70.5,124.08,55.2,1.17,0.58,0,0.58,0,0.33,80,0,13.33,6.67,21.28
Antonio Rueda - ORE,12,19.92,25.83,2,0.75,1.25,0.5,0.83,26.08,93.71,222.75,102.08,120.67,39.35,1.33,1.33,0,0.33,0,0.08,100,0,18.83,1.08,24.54
Carson Armstrong - ATX,12,19.92,23.33,2.42,1.58,0.83,0,1,26.92,95,349.58,205.67,143.92,57.86,1.67,1.33,0,0.08,0,0.5,66.67,0,19.08,0.83,21.21
Carson Chamberlain - IND,9,19.89,26.78,3.44,1.56,1.89,0.44,3,17.89,94.71,314.11,106.89,207.22,41.08,1.78,0.67,0,0.22,0,0.22,50,0,18.89,1,23.37
Aidan Downey - DC,8,19.88,19,3.75,1.63,2.13,0.5,3.5,20.63,95.93,272.13,86.13,186,59.21,2,0.63,0.13,0.13,0,0.38,60,0.63,13.13,6.75,23.33
Anson Reppermund - PIT,8,19.88,18.63,2.13,0.88,1.25,0.63,1.38,9.25,86.05,204,67.13,136.88,48.32,0.88,1.25,0,0.13,0,0.63,50,3.5,10.75,9.13,20.72
Colin Beauregard - DET,7,19.86,13.71,1.14,0.29,0.86,1,-0.29,6.57,74.19,117.29,20.57,96.71,23.96,0.29,2.29,0,0.14,0,0,0,0,4.86,15,20.38
Jacques Nissen - DC,13,19.77,23.62,2.85,2,0.85,0.23,0.69,45.77,94.44,492.69,336.23,156.46,54.07,1.69,2.38,0,0,0,1.08,70,0,19.46,0.31,25.03
Dalton Smith - HTX,4,19.75,22.75,3.5,2.25,1.25,0.25,2.25,38.25,95.63,310,260.25,49.75,58.24,2.25,1.5,0,0,0,0.5,66.67,0,16.75,3,21.44
Ryan Poloz - TOR,11,19.73,23.73,2.73,2.18,0.55,0.09,1.73,24.09,94.31,271.55,188.64,82.91,54.41,1.18,1,0,0.09,0,0.36,66.67,0,18.91,0.82,21.21
Jordan Kerr - SLC,14,19.71,23.71,5,3.57,1.43,0.36,4.29,20.36,94.68,346.36,191,155.36,61.45,1.64,0.86,0,0.21,0,1.07,75,0,19.36,0.36,19.63
KJ Koo - SD,10,19.7,20.7,2.8,1,1.8,1,2.7,19.1,95.02,301.5,142.6,158.9,57,1.8,1,0,0.1,0,0.7,87.5,0.1,14,5.7,21.31
Andrew Roy - DC,13,19.69,23.85,3.38,1.92,1.46,0.23,2.46,49.31,97.71,427.92,338.62,89.31,53.87,2.31,1.08,0,0.08,0,0.54,70,0,19.46,0.23,24.42
Jake Reinhardt - ATX,13,19.69,13.54,1.62,1.08,0.54,0.46,0.08,11.15,84.8,167,122.31,44.69,53.41,1.31,1.92,0.08,0.08,0,0.62,50,13.08,3.31,16.38,20.73
Jason Vallee - OAK,11,19.64,22.64,4.09,3.18,0.91,0.36,3.09,32.09,95.41,288,183.64,104.36,59.04,2.45,1.27,0,0.09,0,0.55,100,0,16.73,2.91,20.46
Asher Lantz - SEA,10,19.6,13.6,0.9,0.4,0.5,0.8,1.6,3.4,100,80.2,19.1,61.1,41.18,0.5,0,0.1,0.1,0,0,,0.1,2.4,17.2,22.06
Connor McHale - TOR,7,19.57,15,2.14,2,0.14,0.43,0.29,24.43,89.53,302.57,177.71,124.86,42.86,1.43,2.14,0,0.14,0,1.14,66.67,4.71,8.29,11.29,23.87
Jacob Duquette - MTL,9,19.56,23.33,3.11,0.89,2.22,0.22,1.44,19.56,91.67,308,138.22,169.78,54.29,1.56,1.44,0,0.44,0,0.78,70,0,18.56,1,21.45
Paul Owens - PHI,11,19.55,11.55,1.55,1,0.55,0.82,1.91,12,95.65,114.09,75.18,38.91,51.18,0.45,0.45,0,0,0,0.36,57.14,3.45,2.64,16.91,22.77
AJ MacIsaac - LV,10,19.5,25.3,1.3,0.6,0.7,0.4,-0.3,23.9,91.22,285.5,163.9,121.6,32.41,1.3,1.9,0,0.1,0,0.8,66.67,0,18.4,1.1,22.18
Benjamin Preiss - CHI,12,19.5,21.25,4.5,1.33,3.17,0.92,4.58,11.5,93.88,260.5,54.25,206.25,62.75,1.08,0.58,0,0.25,0,0.25,75,0,13.33,6.17,20.44
Mitchell Steiner - LA,10,19.5,15.4,1.4,0.9,0.5,0.8,1.4,16,94.12,152.2,55.9,96.3,40.91,0.9,0.8,0.1,0,0.1,0.1,33.33,1.5,7.3,12.2,22.52
Phil Turner - TOR,12,19.5,11.17,1,0.17,0.83,1.42,2.08,5.17,96.88,88.92,36.25,52.67,48.51,0.58,0.17,0,0.17,0.08,0.17,100,7.25,3.92,15.58,20.47
Matt Russnogle - SLC,13,19.46,23,4.15,0.69,3.46,0.15,3.85,8.54,95.69,203.15,26.15,177,60.54,1,0.38,0.08,0.08,0,0.15,40,0,18.92,0.54,19.01
Bryan Vohnoutka - MIN,16,19.44,20.81,3.63,1.69,1.94,0.5,2.88,16.75,92.1,280.81,117,163.81,54.05,1.5,1.19,0,0.06,0,0.38,60,0.13,14,5.44,21.12
Kai DeLorenzo - MAD,12,19.42,20.75,1.42,0.5,0.92,0.75,0.67,13.42,88.46,198.33,103.58,94.75,45.38,0.75,1.42,0,0.08,0.08,0.5,75,4.33,11.08,8.33,22.8
Timothy Elliott - COL,10,19.4,23.9,2.1,1.3,0.8,0.2,1.2,28.9,96.01,326.5,200.9,125.6,56.07,1.7,0.9,0,0.2,0,0.1,100,0,19.1,0.3,22.26
Jack Brown - SEA,11,19.36,15.27,1.64,1.09,0.55,0.91,1.55,7,88.51,149.91,49,100.91,49.4,0.55,0.73,0,0.27,0,0.45,62.5,0.36,7.91,11.45,20.95
William Tober - PHI,11,19.36,22.36,1.36,0.45,0.91,0.09,0.36,15.64,95.56,236.09,76.27,159.82,53.25,1.45,0.64,0,0.45,0,0.09,100,0,18,1.36,21.54
Garrett Santi - LA,9,19.33,14.22,1.22,0.78,0.44,0.22,-0.22,11.89,86.99,105,64,41,35.16,0.89,1.56,0,0.11,0,0.89,47.06,12.89,3.89,15.44,21.53
Braden Eberhard - SLC,13,19.31,23.31,2.38,0.62,1.77,0.15,1.54,29.85,96.04,280.15,177.31,102.85,62.38,2.08,0.92,0.08,0.08,0,0.23,50,0,19.31,0,19.38
Mateo Dominguez - LA,10,19.3,23.5,1.3,0.5,0.8,0.1,0.5,40.2,95.71,302.5,250.5,52,51.49,2.1,0.9,0.1,0,0,0.3,100,0,19.1,0.2,22.19
Derek Mourad - SEA,11,19.27,24.55,2.45,1.55,0.91,0.18,1.27,33.55,95.35,309.91,265.27,44.64,49.63,2.09,1.27,0.09,0.09,0,1.09,100,0.36,18.45,0.82,22.59
Nate Little - PHI,12,19.25,11.92,2,1.08,0.92,1.33,2.67,5.83,88.61,135.5,51.67,83.83,53.15,0.58,0.58,0,0.08,0,0.42,71.43,0,3.92,15.33,20.13
Pieran Robert - MAD,13,19.23,14.85,2.08,0.46,1.62,1.31,2.92,4,92.86,106.23,17.31,88.92,51.3,0.54,0.31,0,0.15,0,0,,0,3.62,15.62,21.01
Saul Wildavsky - OAK,13,19.23,23.15,2.85,0.69,2.15,0.23,2.62,9.92,94.85,175.46,44.23,131.23,61.13,0.85,0.46,0,0,0,0,0,0,18.92,0.31,19.18
Nanda Min-Fink - COL,9,19.22,21.11,4.22,2.44,1.78,0.22,2.78,25.56,94.65,332.22,132.11,200.11,54.74,2.22,1.44,0.11,0.22,0.11,0.44,57.14,0,15.67,3.56,21.76
Cole Hyzer - IND,12,19.17,24.08,3.5,2.33,1.17,1,2.17,21.5,88.05,375,181.83,193.17,38.41,1,2.25,0,0.08,0,1.25,62.5,0.58,16.25,2.92,22.8
Dane Bossert - HTX,6,19.17,14,1,0.33,0.67,0.5,0.17,6,81.82,129.5,42.33,87.17,51.19,1.17,1.33,0,0,0,0.17,100,0,8.83,10.33,19.8
Tommy Li - SEA,12,19.17,24.08,2.75,1.17,1.58,0.33,1.58,13.58,90.56,238.17,89.33,148.83,52.6,1.92,1.33,0,0.17,0,0.67,66.67,0,19.17,0,21.97
Nate Goff - CHI,7,19.14,23.86,3.29,1.71,1.57,0.29,1.43,19.43,92.52,353.14,158.14,195,52.1,1.14,1.57,0,0.57,0,0.86,46.15,0.14,16.14,3,21
Alec Benton - LV,8,19.13,22.13,1.75,1.63,0.13,0.25,-2.13,25.63,85.06,324.75,265.38,59.38,30.51,1.88,4,0,0.13,0,1.5,40,1.88,16.5,2.63,19.01
Oliver Chartock - NY,11,19.09,22,2.55,1.45,1.09,0.27,1.73,13.55,93.13,244.45,85.91,158.55,54.13,1.27,1,0,0.09,0,0.27,100,0,17.73,1.36,21.56
Daniel Ritthaler - OAK,13,19.08,14.62,2.15,1,1.15,0.85,2,20.77,95.41,161.08,103.85,57.23,49.47,1.77,0.85,0,0.15,0,0.15,66.67,0.08,2.08,17,22.27
Tobe Decraene - BOS,14,19.07,23.07,6.5,3.57,2.93,0.29,5.14,29,94.42,464.43,159.29,305.14,56.04,1.79,1.43,0,0.21,0,0.5,63.64,0.07,17.71,1.36,23.38
Chris Cassella - ATX,1,19,25,2,2,0,0,0,20,95.24,293,102,191,60,2,1,0,1,0,0,0,0,19,0,22.35
David Cox - DET,10,19,25.1,2.7,1,1.7,0.6,1.1,11.9,87.5,249.8,102.7,147.1,37.05,1.5,1.6,0,0.6,0.1,0.6,33.33,0,18.7,0.3,19.96
Sebastian Brauer - MIN,1,19,19,3,2,1,0,2,13,,118,37,81,,1,1,0,0,0,0,,7,8,11,15.38
Trey Dynes - IND,3,19,21.67,1.33,1,0.33,0.33,0.67,13,92.86,153,59,94,40,0.67,1,0,0,0,0,0,0,14.33,4.67,18.62
William Coffin - CAR,10,19,13.5,1.9,1.2,0.7,1.3,1.7,10.2,86.44,169.3,96.7,72.6,48.15,0.4,1.4,0,0.1,0,0.8,53.33,11.4,5.2,13.8,20.78
Rowan McDonnell - DC,14,18.93,23,4.71,3,1.71,0.21,2.93,21.36,92.28,267.86,117,150.86,54.97,1.07,1.79,0,0.21,0,0.64,50,0.07,18.64,0.29,23.58
Max Combs - LA,12,18.92,15.25,2.5,1,1.5,1.33,2.83,19.08,94.63,194.08,76.25,117.83,47.54,1.08,0.83,0,0.17,0,0.08,33.33,0.5,6.58,12.33,23.01
Brad Ellis - LV,11,18.91,25.27,2.64,0.73,1.91,0.36,1.45,6.64,79.35,194,33.09,160.91,31.29,0.55,1.45,0.09,0.09,0,0.18,22.22,0,18,0.91,21.77
Gregory Moreno - DET,9,18.89,12.22,1.11,0.78,0.33,1.11,0.67,9.44,86.73,93.89,38.89,55,29.09,0.44,1.44,0,0.11,0,0.11,33.33,0,4.11,14.78,19.57
Antoine Dubé - MTL,7,18.86,12.86,1.71,0.71,1,1,1.86,4.57,84.21,113.57,27.57,86,45.56,0.86,0.86,0,0,0,0.29,50,0.86,4.29,14.57,19.9
Seth Faris - COL,13,18.85,18.31,4.31,1.31,3,0.62,4.38,5.77,89.29,202.08,85.46,116.62,57.14,0.62,0.54,0,0,0,1.15,75,1.08,11.77,7.08,19.64
Kevin Goldberg - LA,12,18.83,23.5,3,1.33,1.67,0.25,1.17,36.75,94.84,416.33,185.33,231,46.45,1.67,1.75,0,0.33,0,0.5,54.55,0,18.67,0.17,21.37
Thomas Lalonde-Landry - MTL,12,18.83,12.75,1.42,0.67,0.75,0.58,1.33,7.5,90,84.25,44.83,39.42,49.02,0.5,0.67,0,0,0,0.08,100,0,3.25,15.58,21.5
Trevor Lynch - CAR,6,18.83,15,3.5,1.67,1.83,0.33,3,15,94.74,270.17,118,152.17,56.67,1,0.67,0,0.17,0,0.67,80,2.33,8.83,10,20.43
Dylan Hawkins - CAR,10,18.8,22.3,3.1,0.6,2.5,0.3,2.5,14.9,95.51,178.9,35,143.9,58.3,1.6,0.5,0,0.4,0,0.1,33.33,0,17.6,1.2,19.01
Matt Hanna - PHI,10,18.8,22.2,1.8,0.5,1.3,0.3,0.8,13.8,93.24,260.5,55.9,204.6,52.25,1.2,0.9,0,0.4,0,0.1,33.33,0,18,0.8,21.05
Jacob Miller - SLC,13,18.77,22.54,2.46,1.08,1.38,0,2.08,23.85,98.73,244.38,126.08,118.31,62.12,2.46,0.23,0,0.15,0,0.31,100,0,18.69,0.08,18.88
Oscar Stonehouse - TOR,8,18.75,11.38,1.88,0.5,1.38,0.5,2.13,6.38,96.23,133.13,29.38,103.75,52.75,1,0.25,0,0,0,0,,0,3.5,15.25,19.75
Max Grove - HTX,10,18.7,14.3,1.4,1.1,0.3,0.6,1.3,9.3,93,137.3,52.4,84.9,35.66,0.9,0.6,0,0.1,0,0.6,85.71,0.2,6.9,11.8,21.31
Christian Olsen - ATL,9,18.67,22.44,2.11,1.33,0.78,0.22,1.44,41.22,98.15,298.22,240.78,57.44,63.37,2.44,0.67,0,0.22,0,0.11,50,0.11,17.89,0.78,21.23
Dylan Burns - OAK,14,18.64,19.36,2.64,1.29,1.36,0.5,2.21,12.57,93.12,219.86,63.14,156.71,58.67,1.5,0.79,0,0.14,0,0,0,0,11.86,6.79,19.58
Calvin Stoughton - BOS,12,18.58,19.67,4,2.33,1.67,0.58,2.75,23.25,92.08,326.92,150.92,176,58.9,2.25,1.83,0,0,0,0.67,57.14,0.08,13,5.58,22.86
Jeff Babbitt - BOS,12,18.58,17.33,2.33,0,2.33,2,4.25,16.42,98.01,110.83,23.67,87.17,52.4,1,0.08,0,0,0,0,,0,9.75,8.83,23.14
Tyler Randall - ATL,14,18.57,9.14,1.21,0.5,0.71,0.71,1.64,5.5,96.25,56.86,24.79,32.07,55.47,0.64,0.21,0,0.07,0,0.14,100,0,0,18.57,20.15
Blake Jordan - LV,2,18.5,16.5,0.5,0.5,0,1,0,14,90.32,150,125,25,21.21,0.5,1.5,0,0,0,0.5,100,6.5,9,9.5,18.84
Connor Newell - PIT,8,18.5,18,1.5,1,0.5,0.38,0.63,22.88,93.85,199,153.25,45.75,43.06,0.88,1,0,0.25,0,0.38,50,0.25,10.38,8.13,19.88
Kyle Weinberg - SLC,12,18.5,11.58,1.58,0.5,1.08,0.92,1.92,6.33,92.68,72.17,41.75,30.42,54.68,0.58,0.5,0,0.08,0,0.17,50,12.17,2,16.5,19.42
Christian Boxley - DC,7,18.43,20.14,4.57,2,2.57,0,3.86,23.29,97.6,272.29,50.71,221.57,58.87,1.14,0.57,0,0.14,0,0,,0,16.57,1.86,22.84
Mason Zetsch - LV,10,18.4,24.1,2.2,1.2,1,0.5,-0.4,12,82.19,222.7,79.1,143.6,30.71,0.7,2.3,0.1,0.8,0,0.5,27.78,0.5,16.4,2,21.92
Greg Martin - PHI,3,18.33,24,3,1,2,0.33,-0.33,13.33,80,248,47.67,200.33,50,0.67,3.33,0,0.33,0,0.33,33.33,0.33,17.33,1,20.24
James Pollard - MIN,15,18.33,15.27,2,1.07,0.93,1.07,1.87,6.07,83.49,138.27,58.67,79.6,47.6,0.67,0.93,0.07,0.27,0.07,0.6,50,10.53,5.27,13.07,19.93
Connor Olson - COL,13,18.31,23.08,1.92,1.15,0.77,0.15,0.85,27.62,95.73,213.54,172.69,40.85,53.67,1.54,1.15,0,0.08,0,0.23,42.86,0.08,17.92,0.38,21.7
Matthew Crawford - OAK,10,18.3,22.6,2.4,1,1.4,0.1,2.4,19.6,99.49,205.7,121.9,83.8,64.16,0.8,0.1,0,0,0,0.2,100,0,18,0.3,18.41
Orion Cable - BOS,15,18.27,21.87,3.8,1.13,2.67,0.33,2.6,12.07,90.5,287.2,45.2,242,54.88,0.8,1.27,0.07,0.27,0,1.13,56.67,0,16.67,1.6,21.52
Raekwon Adkins - OAK,4,18.25,20,2,1,1,0.25,0.75,21.5,92.47,262.5,98,164.5,48.75,1.5,1.5,0,0,0,0,0,0,14.5,3.75,20.86
AJ Merriman - DC,14,18.21,11.36,1.36,0.93,0.43,0.71,1.14,9.07,90.07,111.71,54.29,57.43,45.91,0.36,0.93,0,0,0,0.29,36.36,10.86,3,15.21,20
Julien Bernat - MTL,10,18.2,13.5,1.7,1.1,0.6,0.6,1.2,11,91.67,164.2,72.8,91.4,49.63,0.8,0.9,0,0.2,0,0.5,41.67,1.9,5.2,13,20.68
Suraj Madiraju - CAR,10,18.2,9.8,1.4,0.8,0.6,0.2,1.2,9,94.74,73.7,42.4,31.3,54.08,0.6,0.4,0,0,0,0.1,100,0,1,17.2,20.4
Thomas Shope - MIN,10,18.2,18.2,2.6,0.5,2.1,0.9,3.2,8.3,96.51,166.3,32,134.3,53.3,1.1,0.2,0,0.1,0,0.1,100,0,9.1,9.1,21.05
Will Turner - SD,12,18.17,10.42,1.33,0.67,0.67,0.58,1.42,11,94.96,114.17,82.25,31.92,58.4,0.58,0.42,0,0.08,0,0.42,83.33,11.83,1.17,17,20.28
Skyler Swafford - DET,8,18.13,21.38,0.5,0.13,0.38,0.25,-0.63,14.5,91.34,92,77.75,14.25,29.82,0.63,1.13,0,0.25,0,0,0,0,13.88,4.25,19.17
Cameron Taleghani - DET,9,18.11,12.89,0.44,0.11,0.33,0.44,-0.89,9.33,84,79.56,40.56,39,21.55,0.22,1.78,0,0,0,0,0,5.67,4.67,13.44,19.71
Michael Fairley - ATL,9,18.11,9.33,1.67,1,0.67,1.11,2.22,6.44,92.06,103.44,64.33,39.11,53.57,0.22,0.56,0,0,0.11,0.67,85.71,12.11,0.78,17.33,19.46
Michael Tran - SD,9,18.11,12,1.11,0.67,0.44,0.78,1.22,10.78,93.27,82.78,62.89,19.89,52.78,0.78,0.67,0,0,0,0.22,40,6.44,3,15.11,21.96
Porter Stobbe - LV,10,18.1,22.2,3.1,1.8,1.3,0.5,0.9,6.2,70.45,192.9,75.8,117.1,31.08,0.4,2.4,0,0.3,0,1,47.62,0,15.3,2.8,19.27
Becker Mathie - MIN,1,18,17,2,0,2,2,4,7,,80,21,59,,2,0,0,0,0,0,,0,2,16,16.93
Brandon Pastor - PHI,11,18,22.27,3.18,0.55,2.64,0.18,2.91,14,98.09,154,37.27,116.73,55.1,0.64,0.27,0,0.18,0,0.09,100,0,17.73,0.27,21.47
Biz Schlaefer - MAD,1,18,20,4,4,0,0,4,10,,106,78,28,65,0,0,0,0,0,0,,0,1,17,18.95
Caleb Campbell - ORE,12,18,13.17,1.5,1,0.5,0.83,1.08,14.83,90.82,113.67,88,25.67,34.81,1.25,0.92,0,0.33,0,0.33,80,8.33,2.33,15.67,20.45
Cole Jurek - DC,9,18,20.78,4.33,1.22,3.11,0.11,3.56,26,97.1,413.67,93.44,320.22,60.43,2.56,0.67,0,0.22,0,0.22,28.57,0,17.11,0.89,21.46
Danny Hobday - MIN,1,18,19,4,0,4,1,5,0,,59,0,59,,0,0,0,0,0,0,,0,1,17,16.98
Paul Krenik - MIN,15,18,18.53,2.67,0.87,1.8,0.73,2.73,12.4,95.38,180.93,68.93,112,50.36,0.67,0.47,0,0.2,0.07,0.13,66.67,0,10.47,7.53,20.63
Sam Cook - LA,2,18,21,1.5,0,1.5,0.5,0.5,12,88.89,208,82,126,42.86,1.5,1.5,0,0,0,0.5,33.33,0,18,0,20.73
Toms Abeltins - TOR,11,18,10.27,1.36,1,0.36,0.64,1.36,11,93.8,129.55,110.27,19.27,56.64,0.82,0.64,0,0,0,0.91,76.92,0,4.27,13.73,19.74
Charles Guay - MTL,12,17.92,12.33,1.75,0.67,1.08,1.58,2.67,10.92,92.91,115.08,72.5,42.58,49.32,1,0.67,0,0,0,0.08,50,0,3.58,14.33,19.98
Sam Pew - SLC,13,17.92,10,1.23,0.62,0.62,0.85,1.77,5.62,94.81,76,23.77,52.23,58.46,0.46,0.31,0,0,0,0.08,33.33,0,0.54,17.38,18.09
Jacob Cowan - NY,11,17.91,15.91,2.27,0.73,1.55,0.27,1.91,8.27,94.79,168.91,34.55,134.36,59.43,0.36,0.45,0.09,0.18,0,0,,0,11.73,6.18,18.87
Brian Gfroerer - HTX,10,17.9,21.3,2.3,0.9,1.4,0,1.3,15.8,96.34,240.6,63.1,177.5,53.05,1.3,0.5,0,0.5,0,0,0,0,17.4,0.5,18.48
Samuel Ingham - IND,10,17.9,18.8,3.3,1.6,1.7,0.3,2,12.2,90.37,256.8,84.4,172.4,39.36,0.5,1.3,0,0.3,0,0,0,0,9.4,8.5,20.74
Noah Wahl - IND,9,17.89,21.89,1.33,0.89,0.44,0.33,0,28,94.03,213.67,191.22,22.44,36.55,0.56,1.56,0.11,0.11,0,0.67,54.55,0,15.22,2.67,19.23
Ian Sweeney - SEA,8,17.88,12.13,1,0.75,0.25,0.38,-0.25,10.38,84.69,124.75,100.25,24.5,46.39,0.5,1.5,0,0.13,0,0.5,57.14,7.5,1.88,16,20.39
Paul Arters - CHI,8,17.88,23.38,3,2.63,0.38,0.63,1.25,31,92.19,406.5,303,103.5,54.55,2.25,2.38,0,0,0,1.38,55,0,17.38,0.5,20.68
Justin Burnett - MIN,14,17.86,13.86,1.57,0.71,0.86,1.5,2.21,5.07,91.03,120.07,40.79,79.29,46.91,0.5,0.5,0.07,0.36,0.07,0.07,50,0.07,1,16.86,21.47
Joel Clutton - LV,7,17.86,22.57,3.14,0.57,2.57,0.57,2.57,9.57,88.16,205.43,51.43,154,33.54,0.71,1.14,0,0,0,0.29,100,0.14,15.71,2.14,20.91
Bryce Lozinski - SD,13,17.85,10.85,0.77,0.69,0.08,0.31,0.85,10.62,97.87,78.62,57.62,21,56.03,0.77,0.15,0.15,0.08,0,0.15,100,0.31,1.77,16.08,20.62
Dex Dremann - CHI,6,17.83,15.5,2.17,0.5,1.67,1,1.33,8.33,84.75,111,56.83,54.17,52.69,0,1.33,0,0.5,0,0.17,16.67,4.17,1,16.83,20.69
Keenan Laurence - COL,6,17.83,20.17,2.33,1.33,1,0.5,0.83,8.33,83.33,227.83,72.5,155.33,47.11,0.83,1.5,0,0.5,0,0.5,37.5,2,13.5,4.33,21.18
Sam VanDusen - COL,12,17.83,11.75,2,1.42,0.58,0.83,1.42,10.17,87.14,136.17,97.25,38.92,54.61,1.25,1.33,0,0.08,0,0.42,35.71,10.58,1.67,16.17,18.04
Kennith Taylor - ATL,11,17.82,8.09,0.91,0.45,0.45,0.91,1.09,7.55,91.21,65.55,49.27,16.27,58.43,0.91,0.64,0,0.09,0,0.27,75,0.55,0.09,17.73,18.59
Michael Kiyoi - LA,9,17.78,21.89,2.22,1,1.22,0,1,18.56,95.43,251.89,151.22,100.67,52.28,2,0.89,0,0.33,0,0.56,100,0,17.67,0.11,19.74
Oliver Fay - NY,9,17.78,9.11,1.44,0.67,0.78,1,1.78,4.67,87.5,104.44,24.89,79.56,51.22,0.89,0.56,0,0.11,0,0.22,66.67,1.11,1.56,16.22,17.83
Reid Duncan - PIT,9,17.78,12.44,1.89,0.11,1.78,0.78,2.22,5.33,96,115.11,19.33,95.78,35.71,0.44,0.22,0,0.22,0,0,,1.56,3.56,14.22,19.47
Michael Ames - IND,8,17.75,19.75,1.88,1.5,0.38,0,0.75,31,96.12,252.13,227,25.13,45.57,1.75,1.13,0,0,0,0.38,60,1,13,4.75,18.87
Peter Boerth - BOS,4,17.75,11,2.5,0.25,2.25,0.5,2.25,12.5,94.34,145.75,42.5,103.25,63.64,1.75,0.5,0,0.25,0,0,,0,3.5,14.25,21.24
Brendan Adams - HTX,11,17.73,19,2.18,0.91,1.27,0.18,1.27,17.82,93.78,243.18,139.27,103.91,50.24,1.27,1.09,0,0,0,0.64,63.64,0.09,15.09,2.64,19.01
Sam Besse - LV,10,17.7,20.1,1.2,0.3,0.9,0.3,0.2,17.7,93.16,181.7,119.7,62,30.85,0.4,1.2,0,0.1,0,0.1,25,0.2,12.8,4.9,21.76
Ray Mauntel - CHI,6,17.67,16.17,1.67,0.83,0.83,0.67,1.83,5.17,93.94,122.67,31.17,91.5,46.39,0.83,0.17,0,0.33,0,0,0,1,0,17.67,22.11
Seamus Robinson - OAK,13,17.62,13.08,1.54,1,0.54,1,1.54,9.38,91.04,135.69,54.92,80.77,50.59,0.54,0.92,0,0.08,0,0.23,50,2.54,2.08,15.54,19.69
Matthew Rehder - MIN,10,17.6,19.8,2.9,1.3,1.6,0.5,1.4,12,84.51,218.3,100.8,117.5,50,0.5,1.9,0,0.1,0,0.1,25,0,16.2,1.4,17.72
Quinn Garner - DET,10,17.6,16.1,1,0.7,0.3,0.3,-0.2,14,88.05,143.8,106.1,37.7,27.33,0.6,1.5,0,0,0,0.3,60,0.1,7.2,10.4,19.19
Matt Tucker - CAR,12,17.58,8.92,0.92,0.08,0.83,0.75,1.25,2.25,87.1,51.83,4.33,47.5,55.14,0.67,0.33,0,0.08,0,0,,0.08,0.08,17.5,18.27
Jack Wisner - PHI,11,17.55,10.27,1.27,0.27,1,1.18,2,3.27,92.31,60.73,7.27,53.45,53.1,0.09,0.27,0,0.18,0,0.09,100,0,2.36,15.18,19.49
Mac Weber - MAD,11,17.55,12,0.64,0.18,0.45,0.64,0.55,8.09,92.71,64.64,41.45,23.18,49.24,0.55,0.64,0,0.09,0,0.09,33.33,0,1.91,15.64,18.82
Archer Gordon - ORE,10,17.5,22.1,2.7,0.6,2.1,0.2,2.5,12.2,96.83,214.7,41.2,173.5,39.82,0.8,0.3,0.1,0.1,0,0.1,50,0,17,0.5,20.85
Ben Landry - IND,4,17.5,17.75,1.5,1,0.5,0.5,-0.25,24.75,91.67,255.25,179.75,75.5,46.48,1.5,2.25,0.25,0,0,0.5,40,0,9.75,7.75,18.41
Cooper Williams - CAR,10,17.5,10.8,1,0.3,0.7,0.9,1.5,3.8,88.37,58.2,8.7,49.5,50.93,0.1,0.4,0,0,0,0,0,1.1,1.5,16,20.21
Marques Brownlee - NY,10,17.5,8.9,2,1.8,0.2,0.5,1.7,10.2,91.89,136.1,107,29.1,53.93,0.6,0.8,0,0,0,0.4,66.67,12.8,1.5,16,17.9
Philippe Le Bourdais - MTL,10,17.5,20.8,2.9,1.2,1.7,0.1,2.5,8,95.24,203,47.4,155.6,52.4,1.2,0.4,0,0.1,0,0.3,100,0,16.6,0.9,18.84
Tannor Johnson-Go - BOS,11,17.45,11.82,3.36,2.27,1.09,1.27,3.91,19.18,96.35,214.27,101.18,113.09,56.92,1,0.64,0,0.09,0,0.18,40,10.82,2.55,14.91,21.92
Gordon Larson - MIN,16,17.44,20.81,3.31,2.19,1.13,0.25,2.06,25.06,94.35,294.38,177.06,117.31,52.55,2.06,1.25,0,0.25,0,0.38,60,0,15.63,1.81,19.41
Jake Wahl - IND,12,17.42,20.17,0.83,0.5,0.33,0.75,0,21.67,94.55,173.33,101.17,72.17,35.12,1.25,1,0,0.58,0,0.17,33.33,0.17,11.58,5.83,19.81
Keith McRae - TOR,12,17.42,16.75,2.58,0.83,1.75,0.75,2.67,9,93.1,194.25,61.17,133.08,54.73,0.83,0.67,0,0,0,0.42,55.56,0.17,11.17,6.25,18.63
Nate Ransom - LA,5,17.4,21.4,1.6,0.4,1.2,0,-1,25.8,90.85,192,119.4,72.6,48.6,0.6,2.6,0,0,0,0.2,33.33,0,17.2,0.2,19.5
Benjamin Sadok - BOS,13,17.38,21.77,3.38,2.31,1.08,0.31,2.69,35,97.01,411.46,324.31,87.15,58.66,1.62,1,0,0,0,1.15,78.95,0,17.38,0,21.66
Josh Klane - MIN,14,17.36,20.93,2.57,2,0.57,0.21,1,23.86,92.52,282.64,204.07,78.57,50.51,1.5,1.57,0,0.21,0,1.07,51.72,0.07,16.86,0.5,19.25
Cade White - MAD,3,17.33,15,0.33,0,0.33,0.33,0,4.67,,83.67,41.33,42.33,48.89,0.67,0.33,0,0.33,0,0,,0,0.33,17,20.62
Wyatt Kellman - BOS,3,17.33,19.33,5,3.33,1.67,0.67,3.33,16.67,84.75,297.33,119.33,178,53.45,1.67,2.33,0,0,0,1,50,0,15.67,1.67,20.88
Alex Piper - COL,4,17.25,16,2,0.25,1.75,0.5,1.75,7.25,90.63,121.25,16.75,104.5,60.94,1,0.75,0,0,0,0,0,0,8,9.25,18.35
Nathan De Morgan - SLC,8,17.25,14,3,1.75,1.25,0.5,2.13,7.13,82.61,201.5,82.88,118.63,50,0.63,1.38,0,0,0,1.13,69.23,0,4.75,12.5,19.14
Kainoa Chun-Moy - MAD,13,17.23,19.54,4.08,2.77,1.31,1,3.85,19.54,93.04,259.46,118.15,141.31,52.36,1.38,1.08,0.08,0.15,0,0.69,64.29,0.15,12.08,5.15,21.08
Tyler Monroe - DC,13,17.23,20.46,2.85,1.92,0.92,0.23,2.23,25.46,97.64,250.62,115.15,135.46,58.65,2.15,0.62,0.08,0.23,0,0.23,75,0,17.15,0.08,22.46
Michael Dillard - PIT,5,17.2,14.6,1,0.8,0.2,0.6,0.2,13,91.55,109.8,103,6.8,32.88,0.4,1.2,0,0.2,0,0.6,50,0.4,4,13.2,19.85
Dox Raskin - LA,11,17.18,12.18,1.55,1.09,0.45,0.64,1.45,11.82,94.89,98.91,60.27,38.64,40.3,0.55,0.64,0.09,0.09,0,0,0,3.27,3.64,13.55,19.34
Jace Duennebeil - SLC,14,17.14,18.43,3.86,1.14,2.71,0.36,3.29,6.36,91.75,231.64,56,175.64,63.57,0.5,0.5,0,0.43,0,0.5,87.5,0,14.21,2.93,16.6
Jason Kempe - IND,11,17.09,16.82,1.82,1,0.82,1.64,2.27,18.82,93.67,180.45,103.27,77.18,38.38,1.18,1.09,0,0.09,0,0,0,0,7.45,9.64,20.36
Dean Ramsey - ATL,14,17.07,8.36,1.29,0.43,0.86,0.71,2,1.29,,66.79,8.36,58.43,53.85,0.21,0,0,0,0.07,0.07,100,8.71,0.71,16.36,18.13
Andrew Padula - LA,10,17,11.4,0.8,0.3,0.5,0.6,0.2,15.5,93.37,74.4,58.1,16.3,41.23,0.4,1,0,0.2,0,0,,0,3.2,13.8,19.7
Callahan Bosworth - ORE,7,17,14.86,1.86,0.57,1.29,0.29,1,11.14,95.12,207.43,68.86,138.57,42.31,1,0.57,0.29,0.57,0,0.29,100,0.43,9.14,7.86,15.3
Darren Dyer - DET,2,17,13.5,2.5,0.5,2,2.5,5,2.5,,135.5,6,129.5,33.33,0.5,0,0,0,0,0,,0,2,15,25
Dan Nichols - PIT,6,17,16,1.83,0.83,1,0.67,2.17,14,97.67,150.17,69,81.17,60.42,1.33,0.33,0,0,0,0,,0,11.17,5.83,18.44
Hank Havlin - IND,1,17,18,2,0,2,1,2,3,,109,-3,112,,0,1,0,0,0,0,,0,9,8,17.65
Joe Cercello - CHI,4,17,19.75,3.25,1.75,1.5,0.5,2.75,9.25,92.5,264,126.25,137.75,69.62,1.75,0.75,0,0.25,0,1,80,0,15.25,1.75,16.47
Jaime Perez - LV,5,17,16.4,1.2,0.8,0.4,0.8,-0.2,21.2,89.08,193.4,115.8,77.6,32.93,1,2.2,0,0,0,0.6,33.33,8.6,5.6,11.4,21.5
Kyle Rutledge - CHI,8,17,21.75,3,1.13,1.88,0.88,2.13,21.25,90.91,254.13,143.63,110.5,54.6,1.25,1.38,0,0.38,0,0.25,33.33,0,13.63,3.38,19.52
Louis Gosart - LA,10,17,21.7,1.2,0.6,0.6,0.1,0.2,29.7,95.81,172.8,154.9,17.9,46.08,1,1.1,0,0,0,0.2,100,0,16.9,0.1,19.77
Matthew Nightingale - CAR,1,17,13,1,0,1,2,3,5,,41,-3,44,,0,0,0,0,0,0,,0,0,17,19.02
Zachary Armstrong - TOR,11,16.91,8.64,0.64,0.36,0.27,0.36,0.82,2,91.67,38.73,11.27,27.45,45.26,0.09,0.18,0,0,0,0,0,6.82,2.27,14.64,17.5
Carl Johnson - PIT,7,16.86,16.71,1.57,0.29,1.29,0.57,1.43,5.86,89.13,118.71,24.71,94,45.3,0.57,0.71,0,0,0,0,0,0.57,11.71,5.14,18.2
Max Williams - OAK,14,16.86,12.21,0.86,0.36,0.5,1,1.29,4.29,89.55,83.29,31.36,51.93,46.2,0.14,0.5,0,0.07,0,0.14,66.67,0,2.07,14.79,18.12
Brandon Van Deusen - CHI,12,16.83,22,2.5,2.17,0.33,0.33,1.58,29.83,95.47,317,259.17,57.83,56.44,2.33,1.17,0,0.08,0,0.92,78.57,0.17,15.67,1.17,19.03
Malachi Neil - DET,6,16.83,21.83,1.83,1,0.83,0.33,1.33,9,91.53,153.5,57,96.5,35.88,0.67,0.83,0,0,0,0,0,0.17,14.17,2.67,19.48
Nathan Huff - SLC,11,16.82,10.45,1.09,0.82,0.27,0.45,1.18,9.45,96.3,90.82,49.36,41.45,54.78,1.36,0.36,0,0,0,0.09,100,0,1.18,15.64,18.07
Simon Dastrup - CHI,5,16.8,15.8,2.6,1,1.6,0.8,2.4,6.2,88.57,186.6,55.6,131,68.35,0.4,0.8,0,0.2,0,0.8,100,0,6.6,10.2,18.46
William Brandt - MIN,14,16.79,20.79,3.71,2.79,0.93,0.14,2,30.71,94.51,385.07,232.5,152.57,51.2,1.71,1.5,0,0.36,0,0.43,85.71,0,16.5,0.29,19.3
Dylan DeClerck - MIN,13,16.69,14.54,2.23,0.46,1.77,0.92,2.85,4,92.86,86.62,12.54,74.08,47.62,0.23,0.31,0,0,0,0.08,33.33,0,3,13.69,21.71
Gabe Schoepke - CHI,6,16.67,15.33,3,0.67,2.33,1.17,3.67,2.33,,110.5,7.17,103.33,52.17,0.33,0,0,0.5,0,0,,0.17,0,16.67,19.78
Joel Close - IND,9,16.67,13.67,1.22,0.67,0.56,0.89,1.67,8,93.51,126.78,49,77.78,48.78,0.44,0.44,0,0,0,0.11,100,1.44,7.67,9,16.32
William St-Pierre - MTL,9,16.67,13.56,2.11,0.56,1.56,0.44,2.33,6.11,96.49,146,29,117,52.46,0.78,0.22,0,0,0,0,,0,6.56,10.11,18.72
Braden Distel - LV,11,16.64,15.82,1.18,0.55,0.64,1,1.36,6.18,87.18,128.27,38.45,89.82,31.03,0.55,0.82,0,0,0,0.27,60,0,8.45,8.18,19.47
Terrence Mitchell - CAR,11,16.64,20.27,3.09,1.55,1.55,0.36,2.36,10.91,93.75,248.18,77.27,170.91,61.43,1.09,0.73,0,0.36,0,0.45,100,0,16.55,0.09,17.64
Ben Ashton - SLC,8,16.63,9.88,0.88,0.75,0.13,0.75,1.38,6.5,96.3,76.25,54.13,22.13,55.7,1,0.25,0,0,0,0.38,100,0.38,0.38,16.25,19.25
Raphaël Lalonde-Landry - MTL,12,16.58,11.17,0.75,0.33,0.42,0.92,1.17,7.25,94.57,48,6.17,41.83,47.01,0.42,0.33,0,0.17,0,0,,0,3.25,13.33,18.39
Jay Froude - COL,11,16.55,14.91,1.55,0.45,1.09,0.36,1.27,7.55,94.32,127.27,40.55,86.73,51.83,0.64,0.36,0,0.27,0,0.09,50,0,7.55,9,18.19
Grant Harris - CHI,2,16.5,10,2,2,0,0,2,12.5,100,134.5,98.5,36,75,1.5,0,0,0,0,0,,0,0,16.5,18.2
Gabe Vordick - MAD,12,16.5,22.75,2.42,1.08,1.33,0.25,1.17,21.17,95.13,223.25,57.67,165.58,47.25,2.83,1,0,0.5,0,0.25,50,0.08,16.25,0.25,22.03
Henry Garcia - OAK,6,16.5,11.17,0.83,0.5,0.33,0.17,0.33,9.5,93.44,60.67,56,4.67,55.22,0.83,0.67,0,0,0,0.33,66.67,0,1.33,15.17,18.68
Trevor Elam - HTX,2,16.5,13.5,1.5,1,0.5,0.5,1.5,7,,103,42,61,44.44,0,0.5,0,0,0,0,,0,8,8.5,17.09
Ethan Holmgren - PHI,11,16.45,9.82,1.27,0.55,0.73,0.09,1,9.55,94.59,86.55,52.73,33.82,52.78,1.09,0.36,0,0,0,0,0,9.73,1.82,14.64,19.51
Sean Connole - ATL,10,16.4,18.7,2.4,0.8,1.6,0.4,1.8,13.6,93.79,199.6,67.5,132.1,58.82,1,0.9,0,0.1,0,0.4,80,0,13.3,3.1,19.37
Suhas Madiraju - CAR,10,16.4,10,0.7,0.3,0.4,0.3,0.7,10.8,96.43,50.4,39.6,10.8,57,0.4,0.3,0,0,0.1,0.1,100,0.1,1.5,14.9,20.4
Jake Steslicki - CHI,8,16.38,12.75,1.5,0.88,0.63,0.5,1.88,14.5,98.31,62.75,29.88,32.88,60.78,0.88,0.13,0,0,0,0,,0.13,0.5,15.88,19.51
Connor DeLuna - ATX,9,16.33,9.44,1.89,0.56,1.33,1,2.78,1.56,,71,8.22,62.78,56.47,0.33,0.11,0,0,0,0,,0,0.22,16.11,17.23
Joey Cari - IND,6,16.33,21,1.33,0.83,0.5,0.5,0.83,27.17,97.02,200.5,139.67,60.83,34.92,0.33,0.67,0,0.33,0,0.17,50,0,13,3.33,20.91
Sam Stark - MAD,12,16.33,13.67,1.33,0.75,0.58,0.83,1.5,4.92,90.77,114.08,49.42,64.67,51.83,0.58,0.42,0,0.25,0,0.42,83.33,2,3.83,12.5,17.54
Oliver Artus - SD,13,16.31,19.69,3.15,0.85,2.31,0.31,2.69,8.23,93.86,179,38.38,140.62,54.3,0.69,0.54,0,0.23,0,0.23,60,0,15.77,0.54,16.92
Simon Carapella - BOS,11,16.27,21.27,3.27,1.82,1.45,0.64,3.36,27.64,97.44,260.73,96.64,164.09,58.97,1.82,0.36,0,0.18,0,0.55,85.71,0,16.27,0,21.13
Axel Agami - NY,12,16.25,8.33,1.92,0.58,1.33,0.33,2,5.17,95.38,73.75,21.5,52.25,54,0.58,0.25,0,0,0,0,,0,1.08,15.17,17.94
Micah Wagner - DC,4,16.25,10,1.5,0.25,1.25,1.5,3,7.25,100,139.25,49.25,90,60,0.5,0,0,0,0,0.25,100,0,0,16.25,18.68
Zac Scheuerman - ORE,12,16.25,11.5,1.17,0.08,1.08,0.75,1.42,2.5,78.95,67.83,1.58,66.25,34.78,0.08,0.25,0,0.25,0,0,0,0,2.67,13.58,18.68
Aiden Rudy - DET,9,16.22,12,0.67,0.56,0.11,0.44,-0.33,12,89.26,97.22,92.56,4.67,30.56,0.56,1.44,0,0,0,0.56,55.56,9.89,3.11,13.11,18.46
Jeremy Langdon - ATL,9,16.22,16.56,3.89,1.78,2.11,0.22,3.44,12,96.43,235.67,90.67,145,63.76,1.67,0.33,0,0.33,0,0.22,66.67,0.44,12.78,3.44,16.83
Stefan McCall - OAK,9,16.22,12,1.78,1.22,0.56,1,2,10.33,93.94,113.56,44.11,69.44,51.85,0.33,0.56,0,0.22,0,0.33,60,0,1.22,15,20.09
Daniel Brunker - SD,10,16.2,19.3,3.3,2.1,1.2,0.5,2.3,24.2,95.28,307.3,203.7,103.6,52.33,1.6,1.2,0,0.3,0,0.8,72.73,0.1,13.3,2.9,18.51
Jack Kempe - IND,5,16.2,15.2,0.8,0.6,0.2,0.4,0.6,12.6,94.03,129.6,89,40.6,34.21,0.8,0.6,0,0,0,0.2,50,0,7.6,8.6,17.32
Jake Rubin-Miller - CHI,11,16.18,13.36,1.45,0.45,1,0.82,1.91,4.91,94.74,73.55,19.09,54.45,61.9,0.73,0.27,0,0.09,0.09,0.09,100,0,0.36,15.82,20.25
Jesse Cohen - SD,12,16.17,16.75,3.42,1.75,1.67,0.58,3.42,9.67,93.55,199.42,78.75,120.67,61.69,1.08,0.5,0,0.08,0,0.25,100,0,11.92,4.25,16.71
Josh Moore - ORE,6,16.17,20.67,3.5,2.17,1.33,0.33,1.67,22,91.67,319.83,128.17,191.67,40.32,0.83,1.67,0,0.5,0,0.33,40,0,15.5,0.67,19.49
Eric Sjostrom - MAD,7,16.14,21.71,3.57,2.71,0.86,0.29,2.71,31.43,96.49,387.71,326.71,61,52.63,1.43,1,0,0.14,0,1.71,92.31,0,16,0.14,21.4
Sawyer Thompson - OAK,8,16.13,11,1.25,0.5,0.75,0.5,1,4.38,85.37,93.13,44.88,48.25,46.59,0.63,0.75,0,0,0,0.13,50,0.75,0.5,15.63,18.12
Ben Close - IND,9,16.11,14.67,1.22,0.56,0.67,0.67,0.89,11.44,91.15,131.78,58.78,73,41.67,0.67,1,0,0,0,0.22,100,2.89,7.11,9,17.11
Joe Leibforth - MAD,10,16.1,10.7,0.9,0.4,0.5,0.6,1.1,2.2,73.33,47.9,11.5,36.4,52.34,0.2,0.4,0,0,0,0,0,0,0,16.1,18.25
Jack Shanahan - CHI,11,16.09,20.18,2.36,1.27,1.09,0.27,1.64,15.09,93.79,233,107.27,125.73,56.31,1.64,0.82,0.09,0.18,0,0.55,60,0.18,15.27,0.82,17.93
Caiden Burt - HTX,12,16.08,10.58,1.33,0.33,1,0.5,1.42,3.33,88.89,81.75,16.75,65,37.01,0.25,0.33,0,0.08,0,0.17,66.67,0,4.33,11.75,17.52
Nathanial Dick - BOS,14,16.07,21,1.79,0.79,1,0.07,1.14,30.14,98.14,247.29,186.07,61.21,55.78,1.64,0.57,0,0.14,0,0.14,66.67,0,16.07,0,21.46
Christian Belus - CAR,3,16,11,2,0.33,1.67,1,2.33,4,,69,5.67,63.33,51.52,0,0.67,0,0,0,0,,0,2,14,17.17
Casey Thornton - PHI,4,16,17.25,1.25,1.25,0,0,-0.25,26,92.86,218.25,151.25,67,49.28,0,1.5,0,0,0,1,66.67,0,14,2,19.55
Danny Landesman - COL,2,16,20,0,0,0,0,-0.5,17,97.14,82.5,39.5,43,47.5,0.5,0.5,0,0,0,0,,0,15.5,0.5,18.75
Eric Crosby Lehmann - MIN,1,16,14,1,0,1,1,2,6,,75,35,40,,0,0,0,0,0,0,,0,2,14,12.18
Emmett Warner - ORE,5,16,10,1.4,1.2,0.2,0.2,0.6,12,93.75,126,85.4,40.6,46,0.4,0.8,0,0.2,0,0.6,42.86,3,4.8,11.2,18.58
Ian McNamara - DET,1,16,23,2,1,1,0,-3,12,,175,68,107,39.13,1,3,0,2,0,0,0,0,16,0,18.98
Kyle Kolafa - HTX,6,16,14.17,3.33,0.67,2.67,0.83,3.83,5.67,91.89,161.67,28.5,133.17,57.65,0.67,0.17,0,0.17,0,0.17,100,0.17,9.67,6.33,17.1
Max Gibson - SD,9,16,10.44,2.22,1.33,0.89,1.89,3.11,7.56,87.18,176.11,80,96.11,59.57,1,1,0,0,0,0.56,62.5,0.22,2.78,13.22,18.58
Michael Lun - COL,1,16,14,2,0,2,0,1,3,,51,14,37,,1,1,0,0,0,0,,0,0,16,16.7
Mark Mendelevitz - LV,8,16,16.75,1.38,1.25,0.13,0.25,-1.5,20.25,86.63,161.75,155.88,5.88,31.34,0.75,2.88,0,0.25,0,0.63,35.71,1,9.5,6.5,18.51
Mick Walter - ATX,11,16,10.91,1,0.45,0.55,0.64,1.64,6.18,100,81.73,48,33.73,50.83,0.36,0,0,0,0,0.09,100,0,2.27,13.73,17.73
Nick Hutton - IND,1,16,16,1,1,0,1,-3,15,75,274,269,5,,3,4,0,1,0,3,60,7,7,9,19.15
Stephen Poulos - LV,8,16,20.63,1,0.88,0.13,0.13,-3.25,18.38,78.61,217,223,-6,27.88,0.38,4.38,0,0,0,1.25,40,0.25,14.5,1.5,19.22
Sean Wiles - CAR,8,16,19.38,1.38,0.38,1,0,1.25,12.5,99.01,192.25,19.25,173,64.52,1.63,0.13,0,0,0,0.25,100,0,15.75,0.25,18.81
Oscar Brown - SLC,12,15.92,9.5,1,0.67,0.33,0.33,0.17,9.67,89.23,73.83,45.92,27.92,57.89,0.75,1.17,0,0,0,0.25,75,1.33,0.92,15,17.74
Tommy Lin - SEA,12,15.92,9.25,0.92,0.42,0.5,0.17,0,5.33,84.21,61.92,35,26.92,46.85,0.5,0.75,0,0.33,0,0.25,50,0.08,0.67,15.25,16.47
Ted Schewe - MAD,12,15.92,21.92,1.92,1.25,0.67,0.25,1,28.17,94.94,269.33,203.92,65.42,48.67,1.25,1.08,0,0.08,0,0.5,75,0,15.92,0,20.04
Brandon Dial - ATX,11,15.91,11.73,1,0.45,0.55,0.36,1,8.91,96.08,77.82,35.64,42.18,51.16,0.55,0.36,0,0,0,0,,0.27,2.45,13.45,18.36
Gabe Dobrozsi - DET,7,15.86,10.14,0.14,0.14,0,0.71,0,4.71,84.62,47.57,16.71,30.86,28.17,0.29,0.86,0,0,0,0.14,50,1.29,3.71,12.14,15.87
Mitchell McCarthy - MAD,13,15.85,13.92,2.31,0.92,1.38,0.92,1.92,9.69,87.5,155.69,92.92,62.77,51.38,0.77,1.23,0.08,0.08,0,0.54,63.64,2.54,4,11.85,17.85
Lukas McClamrock - ATL,12,15.83,7.92,1.5,1,0.5,1.33,2,8.67,89.66,92.17,63.67,28.5,57.89,1,0.83,0,0,0.08,0.08,50,0,0.25,15.58,17.61
Leo Sovell-Fernandez - MIN,12,15.83,18.67,1.33,0.58,0.75,0.25,0.5,20.58,96.11,212.75,127.67,85.08,55.8,1.83,0.75,0,0.33,0,0,,0,13.42,2.42,18.26
Ryan Dinger - BOS,12,15.83,19.83,1.92,1.17,0.75,0.17,0.58,30.08,95.5,287.75,233.92,53.83,59.66,2.08,1.25,0,0.25,0,0.67,61.54,0,15.75,0.08,19.31
Ywan Cohonner - MTL,6,15.83,9,0.83,0.67,0.17,0.33,0.33,7.17,93.48,96.5,64.67,31.83,55.56,0.83,0.5,0,0.33,0,0.17,100,0,2.33,13.5,17.08
Harrison Tucker - LV,11,15.82,18.09,1.36,0.18,1.18,0.18,1.09,5.73,96.92,112.18,2.82,109.36,29.15,0.55,0.18,0,0.27,0,0.09,100,0,11.45,4.36,18.29
Tynan Sander - SD,10,15.8,9.1,0.7,0.1,0.6,0.4,0.7,5.6,91.8,76.1,50,26.1,50.55,0.6,0.4,0,0,0,0.3,75,4.1,2.4,13.4,18.14
Mark Turner - HTX,9,15.78,18.89,4.22,2.33,1.89,0.33,3.22,15.78,91.61,266.56,141.44,125.11,54.12,1,1.22,0,0.11,0,0.78,77.78,0,15.44,0.33,16.72
Kai Marshall - COL,13,15.77,10.15,0.46,0.15,0.31,0.62,0.77,3.31,93.48,59.23,18.92,40.31,51.52,0.38,0.15,0,0.15,0,0.08,100,0,2,13.77,15.32
Cy Toriello - LA,12,15.75,11,1,0.42,0.58,0.67,1.08,6.67,91.95,71.92,33.5,38.42,40.91,0.33,0.5,0,0.08,0,0.17,66.67,0.33,3.17,12.58,18.2
Zachary Cotter - HTX,12,15.75,10.58,1.5,0.58,0.92,0.83,1.42,6.42,88.51,143.08,46.83,96.25,38.58,0.42,0.67,0,0.25,0,0.42,62.5,4.33,4.25,11.5,16.57
Nick Pappas - IND,7,15.71,16.57,1.86,1,0.86,0.43,0,9,86.3,184.71,91,93.71,43.97,1.29,1.29,0,1,0,0.43,75,0,8.43,7.29,18.43
Adam Turcotte - TOR,3,15.67,10.67,0,0,0,1,1,10,100,64.33,24,40.33,53.13,0.33,0,0,0,0,0,,0,3.33,12.33,17.98
Benjamin Simmons - NY,11,15.64,8.09,0.55,0.18,0.36,0.45,0.91,3.09,94.44,56.18,18.82,37.36,50.56,0.45,0.09,0,0,0,0.09,50,0,0.91,14.73,16.8
Zach Slayton - COL,11,15.64,15.36,1.55,0.73,0.82,0.18,0.55,15.82,92.06,149.64,91.55,58.09,52.66,1.18,1,0,0.18,0,0.36,36.36,3.36,8.18,7.45,18.15
Aleksei Felt - LV,8,15.63,14.88,0.75,0.63,0.13,0,-0.5,10,88.89,93.13,74.63,18.5,21.01,0.25,1.13,0,0.13,0,0.13,50,0.63,7.38,8.25,16.3
Brent Moore - LV,8,15.63,11.5,1.38,0.38,1,1.25,1.75,3.75,83.33,70.25,6.63,63.63,33.7,0.25,0.75,0,0.13,0,0,0,4.25,4.38,11.25,18.41
Lincoln Grench - OAK,8,15.63,11.5,1.5,1,0.5,0.63,1.5,7.63,92.42,95.5,50,45.5,51.09,0.63,0.63,0,0,0,0.25,66.67,0,0.63,15,17.72
Ian McCosky - MAD,5,15.6,13,1,0.8,0.2,0.4,0.8,13.2,94.29,111,79.6,31.4,49.23,0.2,0.6,0,0,0,0.2,33.33,0,4.8,10.8,17
John Wellers - CAR,10,15.6,7,0.4,0.1,0.3,0.8,0.9,2.1,91.3,28.4,-1.1,29.5,62.86,0.2,0.2,0,0.1,0,0,,0,0.1,15.5,17.03
Pawel Janas - CHI,10,15.6,13.2,3.2,2.9,0.3,0.1,2.8,22.8,95.4,188.7,155,33.7,61.36,1.3,0.5,0,0,0,0.4,44.44,7.1,3.3,12.3,18.3
Sam Jonas - NY,12,15.58,9.17,1,0.75,0.25,1.17,1.92,11.83,99.3,82.75,58.83,23.92,51.82,0.58,0.08,0,0.17,0,0.17,100,0,1.58,14,18.34
Trey Koch - DET,11,15.55,15.82,1.45,0.36,1.09,0.45,1.27,4.18,90.2,94.64,15.55,79.09,29.89,0.27,0.36,0,0.27,0,0,,0,10.09,5.45,16.55
Max Hanscom - MIN,10,15.5,12.1,1.2,0.2,1,1.5,2.5,3.2,94.12,60.7,13.1,47.6,53.72,0.5,0.2,0,0,0,0,,0,0.7,14.8,18.6
Reed Browning - SLC,12,15.5,9.92,1.75,1,0.75,0.67,1.58,4.42,84.13,109.25,39.92,69.33,53.78,0.75,0.83,0,0,0,0.33,66.67,0,0.33,15.17,18.46
Terry Gaither - DET,8,15.5,10.75,0.75,0.13,0.63,0.25,0.75,1.75,,28.88,1.5,27.38,27.91,0,0.13,0,0.13,0,0,,0,4.88,10.63,16.87
Antoine Davis - NY,11,15.45,8.55,0.91,0.36,0.55,0.82,1.64,2.64,93.55,57.36,23.91,33.45,52.13,0.36,0.09,0,0,0,0.18,100,0,0.73,14.73,16.81
Tyler Chan - BOS,11,15.45,12.18,1.36,0.82,0.55,1,1.82,10.45,93.5,135.18,72.09,63.09,55.22,0.73,0.55,0,0,0,0.36,44.44,0.18,3.45,12,19.35
Caleb Dixon - HTX,5,15.4,19.2,2.2,1.2,1,0,1,24.4,94.57,317.8,259.8,58,51.04,0.6,1.2,0,0,0,0.8,66.67,0,15.4,0,16.39
Eric Witmer - PHI,10,15.4,9.1,0.3,0.3,0,0.8,0.7,5.9,95.16,45.9,32.4,13.5,49.45,0.5,0.3,0,0.1,0,0,,0,1.7,13.7,18.89
Ryan Wartenberg - IND,11,15.36,12.55,0.55,0,0.55,0.55,0.55,4.73,89.66,100.45,26.73,73.73,39.13,0.64,0.45,0,0.09,0,0.09,50,0,3.91,11.45,17.74
Geoff Bevan - MTL,6,15.33,12.67,1.83,1.33,0.5,0.5,1.33,13.5,94.19,163.33,125.5,37.83,59.21,0.5,0.83,0,0.17,0,1.33,72.73,5.33,7.33,8,16.83
Jacob Artz - ORE,9,15.33,13.11,0.22,0,0.22,0.33,-0.22,13,97.5,97.78,56,41.78,34.75,0.78,0.22,0.11,0.56,0,0,,0,5.56,9.78,18.21
Joshua Gabella - IND,6,15.33,13.67,1,0.5,0.5,0.17,0.33,10.83,92.86,117.33,60,57.33,36.59,0.33,0.83,0,0,0,0.17,100,0,9.17,6.17,15.15
Milan Rivas - CHI,6,15.33,16.67,1.67,0.83,0.83,0.5,1.17,11.33,91.89,144,86.83,57.17,50,1.33,0.83,0,0.17,0.17,0.33,50,0,0,15.33,19.57
Stefan Samu - SD,9,15.33,9.56,1.44,0.56,0.89,0.56,1.67,4.89,91.67,105.89,44.44,61.44,55.81,0.22,0.33,0,0,0,0.33,75,0.44,1.44,13.89,17.95
Michael Maroon - PHI,7,15.29,17,3.29,0.86,2.43,0.29,3,8.86,93.94,153.29,7,146.29,52.1,1,0.57,0,0,0,0,,0,13.71,1.57,17.72
Bret Bergmeier - MIN,11,15.27,13.45,1.73,1.18,0.55,0.36,1.18,10,92.44,153.91,71.73,82.18,55.41,1,0.73,0.09,0.18,0,0.55,60,0.27,2.91,12.36,18.05
Conner Stillwell - ORE,11,15.27,18.64,1.91,1.18,0.73,0.27,0.64,12.91,89.87,244.73,72.73,172,38.54,1.09,1.18,0,0.36,0,0.27,100,0,14.73,0.55,17.29
Nico Ranabhat - MAD,11,15.27,19.55,3.18,1,2.18,0.27,2.36,10.64,93.6,198.09,45.18,152.91,52.56,0.91,0.64,0,0.45,0,0.18,66.67,0.09,12.73,2.55,18.95
Dillon Whited - OAK,4,15.25,19.75,4,1,3,0.25,3.25,9.5,90.48,178.75,33.25,145.5,54.43,0.75,1,0,0,0,0,,0,15.25,0,17.38
Luke Marks - MAD,12,15.25,11.17,1.25,0.83,0.42,1.83,2.42,3.83,90.2,55.58,28.08,27.5,49.25,0.17,0.42,0,0.25,0,0.17,50,2.25,0.33,14.92,16.59
Owen Johnson - ATX,12,15.25,9.58,1.33,0.33,1,1.17,2.17,4.83,93.55,80.58,13.08,67.5,59.13,0.67,0.33,0,0,0,0,,0,1.75,13.5,16.06
Topher Davis - BOS,12,15.25,18.08,1.25,0.75,0.5,0.25,0.83,14.08,96.57,132.25,67.92,64.33,56.22,1.08,0.5,0,0.17,0,0.08,33.33,0,12.92,2.33,20.69
Will Dillender-Kinast - ORE,4,15.25,10.25,0.5,0,0.5,1.5,1,2.75,,50,20.75,29.25,43.9,0.5,0.5,0,0.5,0,0,,0,2.25,13,16.84
Ben Powlay - MTL,6,15.17,12.33,1.17,0.83,0.33,0.17,0,7.33,83.02,115.67,79.17,36.5,43.24,0.67,1.33,0,0,0,0.5,60,4.17,6,9.17,17.12
Antoine Rousseau - MTL,7,15.14,12,1.29,0.86,0.43,0.86,0.86,11.29,89.77,107.71,92.14,15.57,44.05,0.43,1.14,0,0.14,0,0.29,50,9.57,3.14,12,18.73
Trevor Polisuk-Balfour - DET,8,15.13,11.63,1.38,0.88,0.5,1.13,1.88,4.88,88.64,110.75,43.25,67.5,30.11,0.38,0.63,0,0,0,0.5,80,0,2.88,12.25,17.92
Victor Curodeau - MTL,8,15.13,13.13,1.88,0.5,1.38,0.25,1.75,7.38,98.33,128.88,35.75,93.13,47.62,0.63,0.13,0,0.25,0,0,,0,7.88,7.25,17.23
Henry Goldenberg - CHI,9,15.11,18.89,1.78,1.22,0.56,0,0.44,18.22,92.13,191,127.11,63.89,58.82,1.44,1.11,0,0.22,0,0.33,33.33,0.11,14,1.11,16.84
Kyle Suelflow - MIN,9,15.11,11.78,1.67,0.67,1,0.78,1.89,3.11,84.85,86.11,30.78,55.33,50.94,0.33,0.56,0,0,0,0.33,60,0,1.67,13.44,16.94
Carter Lankford - OAK,10,15.1,10.6,1.9,0.2,1.7,1.8,3,5.1,89.47,107.2,20.2,87,52.83,0.5,0.6,0,0.1,0,0,,0.1,1.6,13.5,16.58
Brycen Williams - LV,11,15.09,11.55,0.73,0.36,0.36,0.27,0.09,5.91,89.04,98.91,32.91,66,33.07,0.45,0.73,0,0.18,0,0.09,100,0.09,5.73,9.36,16.66
Brendan McCann - BOS,15,15.07,8.87,0.93,0.4,0.53,0.27,0.73,10.73,94.71,87.33,82.33,5,54.14,0.53,0.4,0,0.07,0,0.6,81.82,4.4,0.47,14.6,17.99
Axel Hartzog - SEA,1,15,11,1,1,0,0,1,4,,117,83,34,,1,0,0,0,0,1,100,0,5,10,15.65
Andrew Vande Berg - CAR,7,15,8.57,0.86,0.14,0.71,0.86,1.43,3.14,100,48,8.14,39.86,48.33,0.29,0,0,0.29,0,0,,7,1.71,13.29,17.3
Blake Krapfl - MIN,14,15,11.21,1.29,0.57,0.71,1.07,2.14,1.64,88.46,52.07,16.79,35.29,54.14,0.5,0.21,0,0,0.07,0.14,100,0,0,15,17.68
Doc Surrell - IND,1,15,18,1,1,0,0,-1,1,,17,11,6,,0,1,0,1,0,0,,0,5,10,19.23
Gus Norrbom - DC,10,15,18.4,2,1.1,0.9,0,1.6,29.5,98.33,254.3,193.4,60.9,56.52,1.5,0.4,0,0,0,0,,0,14.9,0.1,19.51
Graham Turner - DC,2,15,19,1.5,0.5,1,0,1.5,8,,52.5,-21.5,74,55.26,0.5,0,0,0,0,0,,0,14.5,0.5,17.18
Jacob Blue - IND,2,15,11,1.5,1,0.5,0,0.5,6.5,,142.5,82.5,60,36.36,1,1,0,0,0,0.5,100,2,3.5,11.5,16.5
Mitchell Savage - DET,7,15,7.71,0.14,0,0.14,0.14,0.14,3,95.45,36.86,12.57,24.29,27.78,0.43,0,0,0.14,0,0,,0,2,13,15.21
Noah Petersen - MAD,2,15,10,1,0,1,0,1,5.5,,9.5,-15.5,25,60,0.5,0,0,0,0,0,,0,2.5,12.5,13.37
Noah Powell - ATX,12,15,7.83,0.58,0.08,0.5,0.83,1.42,2.92,100,49.42,6.25,43.17,52.13,0.17,0,0,0,0,0,,0,0.25,14.75,15.15
Sean McDonald - SLC,1,15,10,2,0,2,0,2,7,,91,59,32,,1,0,0,0,0,0,,0,1,14,21.27
Victor Luo - CHI,7,15,13,1.43,0.86,0.57,0,0.57,11.71,92.13,93.57,69.14,24.43,54.95,1.29,0.71,0,0.14,0,0.29,50,1.57,1.57,13.43,16.89
Val Post - MAD,1,15,9,2,2,0,2,4,3,,66,51,15,,0,0,0,0,0,1,100,1,0,15,12.68
Miles Grovic - DC,8,14.88,7.88,1.13,0.38,0.75,1.5,2.5,3.5,96.55,101.63,16.63,85,47.62,0.5,0.13,0,0,0,0,,0,1.5,13.38,16.91
Noah Hanson - MIN,15,14.87,12.47,1.6,0.93,0.67,1.27,2.07,5.67,86.73,98.73,49.93,48.8,51.87,0.4,0.73,0,0.07,0,0.27,50,0,0.33,14.53,19.32
Beckett Sessums - ORE,7,14.86,10.86,2.29,1,1.29,0.29,1.57,4.43,86.11,118.86,35.29,83.57,52.63,0.71,0.57,0,0.43,0,0.29,66.67,0,2.71,12.14,15.37
Robin Vickers Batzdorf - OAK,6,14.83,11.5,0.83,0.17,0.67,1,1.33,13.33,97.56,46,30.33,15.67,44.93,1.33,0.33,0,0.17,0,0,,0.5,1.83,13,16.77
Tony Mounga - SLC,12,14.83,9.17,2,1.17,0.83,0.83,1.83,5.08,84.72,98.67,61.58,37.08,56.36,0.33,0.92,0,0.08,0,0.5,60,0.08,0.42,14.42,16.92
Cameron Brock - ATL,11,14.82,17.55,2.45,1,1.45,0.09,2,15.82,97.21,200.82,81.27,119.55,62.18,0.91,0.45,0.09,0.09,0,0.18,100,0,14.82,0,18.32
Mark Baldauf - HTX,11,14.82,15.09,2.45,1.82,0.64,0.36,1.73,18.73,93.64,217,124.55,92.45,45.78,0.73,1.09,0,0,0,0.55,75,0.09,11.82,3,15.24
Curtis Watkins - SLC,5,14.8,8.6,1,0,1,0.2,1.2,2.8,,42.6,6.2,36.4,62.79,0,0,0,0,0,0,,0,0.6,14.2,14.61
Jace Dean - DC,13,14.77,7.46,0.46,0.15,0.31,0.31,0.23,4.62,85.71,52.54,16.08,36.46,50.52,0.31,0.54,0,0,0,0,,0,0.23,14.54,17.5
Adam Whitton - DET,4,14.75,7.75,1,0.75,0.25,0.25,0,4.5,75,38.75,20.5,18.25,41.94,0,1.25,0,0,0,0,0,0,1.25,13.5,14.99
Jeff Gao - CHI,8,14.75,10.38,1.75,0.75,1,0.5,2.25,8.38,100,84.88,39.5,45.38,60.24,0.75,0,0,0,0,0,,0,0,14.75,17.31
Jeff Wodatch - DC,12,14.75,17.75,1.92,0.83,1.08,0.42,0.83,15,92.31,237.08,85.83,151.25,51.64,1.33,1.25,0,0.25,0,0.42,62.5,0,13.92,0.83,18.43
Ryan Wolfe - ORE,12,14.75,10.58,0.83,0.42,0.42,0.33,0.08,4.42,84.13,74.25,28.33,45.92,37.01,0.25,0.75,0,0.33,0,0.33,57.14,0.08,2.42,12.33,16.84
Sofiène Bontemps - CHI,4,14.75,12,2.75,1,1.75,0.5,2.75,6,92.31,155.25,60.25,95,62.5,0.75,0.5,0,0,0,0.5,66.67,6,4.25,10.5,15.78
Steven Kelly - HTX,12,14.75,10.58,1.08,0.25,0.83,0.42,0.75,4.25,85,66.33,9.17,57.17,37.01,0.25,0.58,0,0.17,0,0,0,0.17,5.42,9.33,15.2
Tyler Emig - LA,4,14.75,20.5,2,1,1,0,-0.5,28.75,93.5,246.5,221,25.5,45.12,1,1.75,0,0.75,0,1,57.14,0,14.25,0.5,18.83
Joshua Wilson - MAD,11,14.73,12.73,1.55,1,0.55,0.45,1.27,12.55,92.62,146.64,98,48.64,45.71,0.36,0.55,0.09,0.18,0,0.55,66.67,4.09,4.27,10.45,16.82
Ryan Kindell - PIT,7,14.71,10.43,0.29,0.14,0.14,1.14,0.57,2.14,75,35.71,6.29,29.43,42.47,0.29,0.71,0,0.14,0,0,0,1.71,1,13.71,17.55
Sam Kaminsky - CHI,7,14.71,19.71,2.14,1.29,0.86,0.14,2,18.71,100,181.29,117.57,63.71,60.14,1.71,0,0,0.29,0,0,,0.14,13.57,1.14,15.33
Wilson Matthews - CHI,10,14.7,19.7,2.1,0.1,2,0.2,1.9,7,97.22,148.9,1.5,147.4,51.27,0.8,0.2,0,0.2,0,0,,0,13.9,0.8,17.92
Cameron Lacy - MIN,16,14.69,12,1.63,0.94,0.69,0.44,1.38,8.56,90.73,81.44,60.06,21.38,55.21,0.94,0.69,0.06,0,0,0.25,50,9.81,0.38,14.31,18.72
David Zoldan - DET,3,14.67,11.67,1.33,0.33,1,0.33,1,3.67,,92.33,22.67,69.67,45.71,0.67,0.67,0,0,0,0,,0,3.67,11,17.16
Kydan Young - IND,6,14.67,13.83,1.17,0.5,0.67,1,0,5.67,73.91,104.33,44.67,59.67,34.94,0.17,1.67,0,0.5,0,0.33,22.22,4,5.17,9.5,17.73
Matthew Johnson - MIN,8,14.63,11.38,1,0.25,0.75,0.75,1.75,2.25,,63.63,17.25,46.38,65.93,1.13,0,0,0,0,0,,0,0.63,14,15.8
Cam Albin - HTX,5,14.6,13,1.8,1,0.8,0.2,1.4,11.2,96.55,156,45.6,110.4,53.85,1.2,0.4,0,0.2,0,0.2,50,0,8.6,6,16.7
Drew Happe - IND,5,14.6,11.8,1.4,1,0.4,1,1,11.2,90.32,120.8,62,58.8,38.98,0.2,1.2,0,0.2,0,0.2,33.33,5.8,5,9.6,15.58
Jordan Taylor - HTX,5,14.6,4.6,0.2,0,0.2,0,-0.2,2.2,,22.8,7.6,15.2,34.78,0,0.4,0,0,0,0,,0,1,13.6,13.6
Drew Swanson - CAR,7,14.57,7,0.57,0.29,0.29,1.43,2,1.29,,33.14,4.57,28.57,51.02,0.14,0,0,0,0,0,,0,0.86,13.71,14.62
Kobi McCracken - SD,14,14.57,9.93,1,0.79,0.21,0.36,1.14,6.64,93.94,89.5,48.29,41.21,53.96,0.57,0.21,0,0,0,0.21,75,0,2.29,12.29,17.24
James Shorey - LV,11,14.55,15.36,0.73,0.27,0.45,0.27,0.18,4.18,83.64,65.82,17.45,48.36,27.22,0.36,0.82,0,0,0,0,0,0,10.73,3.82,17.4
Kelsen Alexander - MAD,13,14.54,19.92,1.31,0.62,0.69,0.38,0.38,19.46,93.7,207.15,142.38,64.77,47.1,1.54,1.15,0,0.15,0,0.23,50,0,13.08,1.46,18.74
AJ Miles - LV,4,14.5,13,0.5,0,0.5,0.5,0.5,2,,61.25,5.75,55.5,28.85,0.25,0.25,0.25,0.25,0,0.25,50,0,8.5,6,15.41
Eddie Finley - LA,6,14.5,10.17,0.5,0.17,0.33,0.83,0.83,3.5,87.5,34,2.33,31.67,42.62,0.33,0.5,0,0,0,0,,0,3.67,10.83,15.18
Jesse Johnson - CHI,8,14.5,10.75,2.13,0.63,1.5,1.25,2.38,4.88,90.7,98.13,17.88,80.25,61.63,0.88,0.5,0,0.5,0,0,0,0,0.13,14.38,16.61
Matthew Fredrickson - SLC,2,14.5,9.5,1,0,1,0.5,1.5,0.5,,33,0,33,,0,0,0,0,0,0,,0,0,14.5,16.86
Owen Woodward - IND,4,14.5,13.5,1.75,0,1.75,0.25,1.75,4.75,86.36,111.75,40,71.75,40.74,0.25,0.25,0,0,0,0,0,0,3.75,10.75,16.14
Austin Kelly - ORE,11,14.45,19.09,1.45,1.36,0.09,0.18,-1,27.18,90.06,257.09,240,17.09,36.19,0.55,2.45,0.09,0.18,0,1,55,0,14.36,0.09,17.3
Emmet Shipway - SEA,11,14.45,13.64,1.64,0.18,1.45,0.36,1.09,11.64,91.43,120.73,76.55,44.18,47.33,0.27,0.82,0,0.09,0,0.09,50,0.18,7.18,7.27,16.84
Jake Murray - PIT,7,14.43,10.86,0.71,0.43,0.29,0.57,0.57,8.43,89.39,85,58.57,26.43,42.11,0.86,0.71,0,0,0,0.14,100,0.14,3,11.43,15.86
Owen Shaff - LA,12,14.42,8.92,0.67,0.25,0.42,0.83,0.83,3.08,86.05,74.17,23.33,50.83,32.71,0.25,0.42,0,0.25,0,0.17,66.67,0,2.17,12.25,17.04
Oscar Graff - BOS,5,14.4,7.4,1.4,0.8,0.6,0.2,1.6,19.2,100,106.8,64.8,42,62.16,1.2,0,0,0,0,0.2,100,0,1.2,13.2,20.89
Phillip Korolog - SEA,5,14.4,10,1.4,0.8,0.6,0.4,1.6,5,96.15,61.4,20.6,40.8,50,0.6,0.2,0,0,0,0.2,100,0.6,5,9.4,13.92
Jasper Tom - DC,11,14.36,8.18,0.91,0.45,0.45,1,1.73,7.91,98.86,42.36,42.64,-0.27,53.33,0.36,0.09,0,0.09,0,0.18,100,0,0.18,14.18,16.88
Brock Thibodeaux - HTX,3,14.33,6,0.67,0,0.67,0,0,2.33,,50.67,21.33,29.33,,0,0.67,0,0,0,0,,0,2.33,12,15.87
Josh East - TOR,3,14.33,12,1.33,0.67,0.67,0.33,1,9.33,93.33,118,45.67,72.33,41.67,1,0.67,0,0,0,0,,0,7.33,7,19.31
Ryan Flick - ATL,6,14.33,16.83,1.17,0.67,0.5,0,0.5,24.67,98.01,202.33,174,28.33,57.43,1.33,0.5,0,0.17,0,0.33,100,0,13.83,0.5,17.19
Shashank Alladi - NY,12,14.33,7.67,0.75,0.33,0.42,0.42,0.67,5.83,92.11,45.33,24.92,20.42,48.91,0.5,0.42,0.08,0.08,0,0.25,100,0,0.5,13.83,16.07
Franky Fernandez - ATL,7,14.29,7.71,0.57,0.43,0.14,0.86,1,3.29,95.83,29.86,3.43,26.43,50,0,0.14,0,0.29,0,0,,0,0,14.29,16.09
Alexandre Fall - DC,12,14.25,8.58,0.58,0.17,0.42,0.75,0.92,2.58,88.57,49.25,-2.25,51.5,46.6,0.17,0.33,0,0.08,0,0,,0,0.25,14,17.11
Angelo Olcese - CAR,8,14.25,9.13,1,0.88,0.13,0.25,0.75,9.75,95.12,77.75,65.88,11.88,49.32,0.63,0.5,0,0,0,0.13,50,0,1.13,13.13,17.82
Brock Jensen - LV,4,14.25,9.5,0.5,0.25,0.25,0,0.25,6,88.89,69.75,57.25,12.5,26.32,0.5,0.25,0,0,0,0.25,100,0.25,5,9.25,13.05
Jakeem Polk - ATL,12,14.25,6.75,0.42,0.25,0.17,0.33,0.67,1.83,95.65,17,8.92,8.08,46.91,0.08,0.08,0,0,0,0.08,100,2.5,0.17,14.08,15.04
Max Tran - PHI,8,14.25,8.38,1.38,0.63,0.75,0.75,1.88,4.38,97.22,85.13,46.63,38.5,52.24,0.38,0.13,0,0.13,0,0.38,100,0,1.88,12.38,16.63
Peter Mans - MIN,4,14.25,14.75,1.5,0.75,0.75,1,1.75,6,92.31,84,31.75,52.25,62.71,0.5,0.5,0,0.25,0,0,0,0,2,12.25,16.25
Saeed Semrin - COL,8,14.25,9.38,1.5,0.75,0.75,0.25,1.25,3.38,90,78.13,17.13,61,53.33,0.38,0.38,0,0.13,0,0,0,0,1.38,12.88,15.99
Maxwell Hume - SD,13,14.23,8.46,1.23,0.23,1,0.46,1.08,3.85,89.29,63.15,16.31,46.85,57.27,0.23,0.46,0,0.15,0,0,,0,0.92,13.31,16.91
Brandon Adibe - TOR,9,14.22,6.11,0.67,0.11,0.56,0.33,0.56,0.67,,42.22,5.33,36.89,45.45,0,0.33,0,0.11,0,0,,0,0.56,13.67,15.75
Erik Hotaling - COL,10,14.2,9.8,1.3,0.7,0.6,0.7,1.2,7.4,91.36,119.8,65,54.8,52.04,0.6,0.7,0,0.1,0,0.3,50,1.1,1.4,12.8,16.78
Jeremy Knopf - COL,12,14.17,11.17,1,0.5,0.5,0.08,0.92,9.67,98.31,58,42.25,15.75,58.96,0.17,0.17,0,0,0,0.25,100,0,5.17,9,14.95
Alex Forsberg - SLC,13,14.15,8.23,1.31,0.23,1.08,1.15,2.23,3,90.7,56.69,11.77,44.92,57.94,0.38,0.15,0,0.08,0,0.08,50,0,0.31,13.85,15.2
Brandon Li - SEA,9,14.11,14.44,1.33,0.56,0.78,0.56,1.33,5.44,89.09,116.33,22.67,93.67,50,0.22,0.44,0,0.11,0,0.11,100,0.11,8.89,5.22,16.06
Bradley Fleming - ATL,1,14,9,0,0,0,0,0,2,,16,7,9,,0,0,0,0,0,0,,0,0,14,14.23
Benjamin Horrisberger - BOS,8,14,7.63,0.63,0.38,0.25,0.75,1,5.5,93.62,47.63,2.88,44.75,57.38,0.13,0.25,0,0.13,0,0,,0,0,14,16.98
Charles Cannon - COL,1,14,16,0,0,0,3,0,6,,7,28,-21,,1,3,0,0,0,0,,0,0,14,16.9
Charlie Schuweiler - MIN,1,14,15,2,2,0,0,0,9,,106,66,40,,2,2,0,0,0,0,,0,9,5,14.02
Chris Wilson - LV,11,14,10.36,0.64,0.45,0.18,0.36,0.55,5.64,92.54,57,7.55,49.45,31.58,0.36,0.36,0,0.09,0,0,,0,3.82,10.18,16.75
Drew Schnaudigel - NY,4,14,9.25,0.25,0,0.25,0.75,0.5,2.75,,41,16,25,56.76,0.25,0.25,0,0.25,0,0,,0,1,13,13.28
Ethan Niedzwiedz - HTX,2,14,11,1.5,1,0.5,0,0.5,5.5,,127,0.5,126.5,40.91,0,0.5,0,0.5,0,0,,0,7.5,6.5,15.37
Felix Pronove - COL,1,14,16,2,2,0,0,2,7,,98,73,25,,1,0,0,0,0,1,100,0,0,14,16.9
Jake Carrico - MAD,13,14,12.31,2.15,1.69,0.46,0.46,1.77,8.54,89.52,145.08,85.46,59.62,53.13,0.92,0.77,0,0.08,0.08,0.46,100,0.08,4,10,15.57
Jason Huynh - TOR,1,14,17,2,0,2,0,0,17,,187,37,150,,0,1,0,1,0,0,0,0,9,5,21.68
Malachi Marshall - PIT,10,14,12.9,0.5,0.2,0.3,0.2,0.1,9.9,94.29,106.7,78.6,28.1,40.31,0.7,0.6,0,0,0,0.2,66.67,0,6.4,7.6,16.46
Michael Poe - ATL,6,14,5.67,1.33,0.33,1,1,2.33,2.83,,77.5,22.17,55.33,67.65,0.5,0,0,0,0,0.17,100,0,0,14,13.51
Nicholas Dunbar - LA,11,14,10.27,1.18,0.55,0.64,0.55,1.09,6.09,91.78,111.36,33.82,77.55,33.63,0.18,0.45,0,0.18,0.09,0.09,33.33,1.73,4.27,9.73,15.98
Noah Pollack - MAD,2,14,13,0.5,0.5,0,0.5,0.5,6.5,,52,58.5,-6.5,46.15,0,0.5,0,0,0,0.5,100,2,1.5,12.5,15.85
Nathan Prior - OAK,4,14,18.75,1.75,0.75,1,0.25,2,32.5,100,184.25,164.5,19.75,60,1.75,0,0,0,0,0.25,100,0,14,0,15.45
Ryan Takayama - OAK,1,14,8,0,0,0,1,0,2,,14,11,3,,0,1,0,0,0,0,,0,1,13,18.8
Turner Allen - BOS,9,14,8,1.22,0.67,0.56,0.67,1.67,11,98.02,90,18.56,71.44,62.5,0.56,0.11,0,0.11,0,0,,0,1.11,12.89,18.01
Tommy Trompeter - HTX,1,14,5,0,0,0,0,0,1,,10,-10,20,,0,0,0,0,0,0,,2,0,14,15.38
Vance Mader - ATX,4,14,12.75,1.5,0.25,1.25,0,1,3.75,,87.25,25,62.25,47.06,0.75,0.25,0,0.25,0,0,,0,6.25,7.75,15.31
Wyatt Krisky - PIT,3,14,9,1.33,0.33,1,0.67,1.33,4.67,,103,16,87,55.56,0,0.33,0,0.33,0,0,,0,2,12,13.89
Will McDonald - SEA,1,14,12,2,0,2,0,0,1,,86,-4,90,,0,1,0,1,0,0,,1,5,9,16.75
Casey Shugarman - SD,14,13.93,7.79,0.5,0.29,0.21,0.93,1.21,2.21,91.18,50.29,11.57,38.71,47.71,0.36,0.21,0,0,0,0,,0,0.43,13.5,16.04
Greg Cousins - MIN,13,13.92,16.77,2.15,0.54,1.62,0.23,1.92,8.69,95.76,173.62,71.62,102,57.34,1.08,0.31,0,0.15,0,0.46,66.67,0.08,12.69,1.23,16.63
Daniel Eppstein - LA,7,13.86,13.86,1.14,1,0.14,0.14,0.14,10.86,90.48,163.29,73.71,89.57,39.18,0.86,1,0,0.14,0,0.14,33.33,0,9.29,4.57,18.07
Marcus Lee - DC,5,13.8,5,0.6,0.2,0.4,0,-0.2,3.8,82.61,7.8,15.6,-7.8,48,0.6,0.8,0,0,0,0,,0,0.2,13.6,14.36
Sebastian Rossi - BOS,10,13.8,7.6,1,0.5,0.5,0.7,1.5,3.4,94.44,71.6,25.4,46.2,63.16,0.1,0.2,0,0,0,0.2,100,1.1,1.2,12.6,15.94
Moussa Dia - DC,9,13.78,9.11,1.11,0.33,0.78,0.67,1.44,5.67,96.23,75.33,26.89,48.44,52.44,0.67,0.22,0,0.11,0,0,,0,2.11,11.67,17.01
Aaron Rosenthal - OAK,13,13.77,9.77,1.08,0,1.08,0.85,1.62,2.15,90.32,46.46,2.15,44.31,42.52,0.15,0.23,0,0.08,0.08,0,,0,0.62,13.15,15.78
Mickey Walsh - MIN,4,13.75,12,3.25,2.25,1,0.5,3,8.25,91.67,137.25,88.25,49,66.67,1,0.75,0,0,0,0.5,50,0,0.5,13.25,15.77
Shaun Seidenberger - HTX,4,13.75,11,1,0.5,0.5,0,-0.25,12.75,89.47,115.75,70.75,45,31.82,0.25,1.25,0,0,0,0.25,50,0,6,7.75,17.05
Charlie McCutcheon - DC,10,13.7,8.7,0,0,0,0.3,0.1,7.5,97.4,33.4,15.9,17.5,44.83,0.5,0.2,0,0,0,0,,0,0.3,13.4,18.51
Cole Moore - BOS,3,13.67,9.33,2.33,1.33,1,1,2.67,5.67,,49,14,35,57.14,0,0.67,0,0,0,0,0,0,0.67,13,18.04
Jeremie Giard - MTL,3,13.67,6.33,1,0.67,0.33,0.67,1.33,2.33,,67.33,19.33,48,,0.33,0.33,0,0,0,0,,0,0.33,13.33,15.83
Luke Webb - BOS,9,13.67,7.89,0.22,0,0.22,0.44,0.56,1.44,,16.78,6.67,10.11,50.7,0.22,0,0,0.11,0,0,,0,0,13.67,16.45
Nathan Hsieh - TOR,6,13.67,9.33,1.33,0.33,1,0,0.83,4.67,87.5,108.33,51.67,56.67,53.57,1,0.5,0,0,0,0.33,66.67,0,4.83,8.83,16.02
Reid Bacon - ATX,3,13.67,9,0,0,0,0.33,0.33,1.67,,33,17,16,51.85,0.67,0,0,0,0,0,,0,0,13.67,14.77
Gustav Haflin - BOS,5,13.6,6.2,0.6,0.2,0.4,0.6,0.8,1.8,,55.8,2,53.8,54.84,0.2,0.4,0,0,0,0,,0.2,0.2,13.4,19
John Marsh - CHI,5,13.6,13.4,1.4,0.6,0.8,0.4,1,10.4,91.23,117.2,57.6,59.6,46.27,1,0.6,0,0.2,0,0.2,50,0,0.4,13.2,17.52
Jeff Zhou - HTX,5,13.6,7.4,1,0.8,0.2,0.4,1.4,3,,55.6,21.8,33.8,35.14,0.2,0,0,0,0,0,,0,2.8,10.8,14.18
Mace Chope - IND,10,13.6,9.5,0.9,0.2,0.7,0.4,1.1,2.1,87.5,55.8,4.9,50.9,46.32,0.1,0.1,0,0.1,0,0,,1.4,3,10.6,13.46
Cade Barnes - LV,2,13.5,7.5,0.5,0,0.5,0,-0.5,2.5,,81.5,48.5,33,,0.5,1,0,0,0,0.5,33.33,0,3,10.5,12.4
Chris Walls - DET,2,13.5,6.5,0.5,0,0.5,0,0,0,,7,0,7,,0,0,0,0.5,0,0,,0,0.5,13,13.89
Evan Sebastian  - CHI,2,13.5,16.5,2,1,1,0.5,2,4,,52.5,13.5,39,45.45,0,0,0,0.5,0,0,,0,0,13.5,18.7
Grayson Rettberg - SLC,2,13.5,6.5,1.5,1,0.5,0.5,2,4,,80.5,22.5,58,,0,0,0,0,0,0,,0,0.5,13,12.49
Kristian Johnson - MIN,6,13.5,14.5,1.67,0.33,1.33,0,0.83,14.33,93.48,157.33,98.67,58.67,52.87,1.5,0.67,0,0.17,0,0.33,40,1,8.33,5.17,16.48
Mike Campanella - PHI,4,13.5,7,0.5,0.25,0.25,0.25,0,3.75,,56.75,18.25,38.5,57.14,0.5,0.75,0,0,0,0,,0,0.25,13.25,18.97
Michael Snead - CAR,2,13.5,9,0,0,0,0,0,0.5,,4,2.5,1.5,,0,0,0,0,0,0,,0,0,13.5,14.37
Owen Robinson - TOR,10,13.5,9.8,0.7,0.3,0.4,0.1,0.4,10.8,93.91,92.1,73.8,18.3,58.16,0.6,0.4,0.1,0,0,0.1,33.33,0,5.3,8.2,14.48
Walt Johnson - PIT,2,13.5,7.5,0.5,0.5,0,0.5,0.5,4.5,,93.5,56.5,37,,0.5,0.5,0,0,0,0.5,100,0,0,13.5,13.19
Matt Jackson - COL,13,13.46,11.77,1.46,1,0.46,0.54,1.54,10.69,97.89,86.54,59.23,27.31,56.21,1,0.23,0,0.23,0,0.15,66.67,0,2.77,10.69,16.53
Max Sheppard - NY,13,13.46,12.46,1.69,0.85,0.85,0.46,0.92,7.54,85.96,112.46,49.46,63,53.7,0.46,1.08,0,0.15,0,0.62,47.06,2.54,8.54,4.92,14.45
Colin White - PHI,11,13.45,14.36,1.18,0.09,1.09,0.27,1.18,7.36,98.78,119.91,41.82,78.09,54.43,0.91,0.09,0,0.18,0,0,,0,10.55,2.91,16.7
Andrew Li - CAR,10,13.4,8.8,1.2,0.5,0.7,0.4,0.4,15,93.75,90.9,76.9,14,46.59,1.1,1,0,0.2,0.1,0.1,50,2.6,1.3,12.1,16.66
John Tan - MAD,5,13.4,6.6,0.2,0,0.2,0.2,-0.2,1.4,,16.8,-3.6,20.4,42.42,0.2,0.6,0,0,0,0,,2.6,0,13.4,12.47
Quinn Snider - MIN,5,13.4,16.4,2.8,0.2,2.6,0,2.2,5,89.29,140.6,1.4,139.2,40.24,0.8,0.4,0.2,0.2,0,0,,0,13.4,0,15.45
Ben Levinsky - SD,11,13.36,7.64,0.64,0.36,0.27,0.73,1,2.91,91.43,51.64,15.55,36.09,52.38,0.27,0.27,0,0.09,0,0.09,100,0.73,0.09,13.27,16.07
Kevin Healey - DC,14,13.36,9.21,1.29,0.36,0.93,0.36,1.29,4.79,93.06,64.43,15.86,48.57,55.04,0.14,0.29,0,0.07,0,0,,0,3,10.36,16.32
Sam Berglund - MIN,11,13.36,12.91,1.45,1.18,0.27,0.36,0.18,14.55,89.39,172.09,119.55,52.55,47.18,1.09,1.55,0,0.09,0,0.45,29.41,2.36,4.36,9,14.91
Brayden Morrison - CAR,3,13.33,9.67,1,0.67,0.33,0.67,1.33,11.67,97.22,104,70,34,55.17,0.33,0.33,0,0,0,0,,1,1.33,12,17.19
Jason Zeidman - LV,9,13.33,11.22,0.78,0.22,0.56,0.89,0.78,6.33,89.06,83.22,33.11,50.11,29.7,0.22,0.67,0,0.22,0,0.22,66.67,0,5.67,7.67,15.72
Kai Marcus - MAD,9,13.33,19.44,2.44,2.33,0.11,0.11,0.89,18.56,89.78,230.33,174.56,55.78,44,1,1.67,0,0,0,0.89,53.33,0,13.33,0,17.31
Aidan Curry - OAK,7,13.29,10.29,1.14,0.57,0.57,0.86,1.43,3.43,85.71,35.86,6.57,29.29,48.61,0.29,0.57,0,0,0,0,,5.57,0,13.29,16.19
Jordan Queckboerner  - SD,4,13.25,8.5,0.5,0.25,0.25,0.5,0.5,2.5,,31.25,18,13.25,52.94,0,0.5,0,0,0,0.25,100,0.25,0.5,12.75,14.1
Robby Davenport - IND,12,13.25,10.58,1.5,0.58,0.92,0.33,0.75,10.42,89.93,119,66.08,52.92,42.52,1,1,0,0.08,0,0.25,50,0.17,3.67,9.58,13.83
Trevor Kelley - SLC,4,13.25,7.75,1.5,0.75,0.75,0,1,7,93.33,114.25,68.75,45.5,67.74,1.25,0.5,0,0,0,0.25,100,0,0,13.25,14.81
Nicholas DiGiorgio - ATX,9,13.22,12.44,1.67,0.67,1,0.22,1.33,6.22,93.33,102.89,25.78,77.11,54.46,0.44,0.44,0,0.11,0,0.11,100,0,6.44,6.78,14.99
Emmett Young - BOS,5,13.2,7.2,0,0,0,0.4,-0.4,6.4,88.89,54.6,32.4,22.2,44.44,0.8,0.6,0,0.2,0,0,,0,0,13.2,15.92
Hunter May - COL,10,13.2,9.3,1.6,0.4,1.2,1.1,2.4,1.7,,77.2,1.6,75.6,51.61,0.3,0.1,0,0.2,0,0,,0,1.4,11.8,15.29
Nicholas Dahms - ORE,12,13.17,9.33,0.25,0.08,0.17,0.42,0.58,3.25,92.86,28.92,10.08,18.83,35.71,0.25,0,0,0.08,0,0,,0,1.5,11.67,15.75
Calvin Coulbury - MTL,7,13.14,11.86,0.57,0.43,0.14,0,-0.29,11,95.06,60.29,64.43,-4.14,40.96,0.71,0.57,0,0.29,0,0.14,100,1,6.86,6.29,17.54
Sandy Brown - COL,7,13.14,9.57,1.57,0.29,1.29,0.57,1.86,4.14,96.67,69.43,7.86,61.57,55.22,0.29,0.14,0,0.14,0,0.29,100,0,1,12.14,16.05
Dominic Jacobs - SEA,9,13.11,7.89,0.78,0.11,0.67,0.89,1.44,1.11,,30.78,7,23.78,39.44,0,0.11,0,0.11,0,0,,0,0.56,12.56,14.22
Bradley Seuntjens - ATL,12,13.08,6.17,0.33,0.08,0.25,0.08,0.17,4.83,95.08,27.5,18.92,8.58,60.81,0.42,0.25,0,0,0,0,,0,0,13.08,13.95
Aiden Lomen - LV,2,13,8,0,0,0,0,-0.5,2.5,,51,22.5,28.5,,0.5,0.5,0,0,0,0,0,0,5,8,11.83
Casey Wu - SD,12,13,16,1.58,0.33,1.25,0.17,1.5,9.42,98.26,137.17,57.58,79.58,54.69,0.83,0.08,0,0.17,0,0.08,100,0,12.42,0.58,14.7
Derik Knighton - SLC,5,13,7.2,0.8,0.6,0.2,0.4,1.2,2.6,,40.6,22.2,18.4,66.67,0.2,0,0,0,0,0.2,100,0,0.4,12.6,12.24
Dax Miller - TOR,7,13,7,1.14,0.71,0.43,0.14,1,3.86,93.1,75.43,37.86,37.57,63.27,0.29,0.29,0,0,0,0.14,50,0,2.29,10.71,14.28
Gabe Jagt - MIN,6,13,12.67,2.5,1,1.5,0.5,2.67,5,93.75,165.17,49.33,115.83,71.05,1,0.33,0,0,0,0.17,50,0,6.67,6.33,10.87
Jesse Cwengros - DET,4,13,11.5,0.25,0,0.25,0.25,-0.25,10.25,91.11,67.5,29.5,38,19.57,0.25,0.5,0,0.25,0,0,,0,7.75,5.25,14.64
Jason Lam - TOR,1,13,11,1,1,0,1,1,10,,155,89,66,,0,1,0,0,0,0,,0,5,8,10.07
Kaden Froebe - SLC,5,13,8.2,1,0,1,0.6,1.6,1,,29.4,0.2,29.2,53.66,0.2,0,0,0,0,0,,0,1.6,11.4,15.87
Langley Fitzpatrick - SEA,8,13,9.13,1.75,0.5,1.25,1.75,3.38,4.13,97.06,79,2.88,76.13,56.16,0.5,0.13,0,0,0,0.13,100,0,1,12,14.97
Nick Loughran - IND,5,13,10,1.6,0.8,0.8,0.4,0.4,6.8,80.95,134.8,60.6,74.2,40,0.4,1.4,0,0.2,0,0.4,33.33,4.4,4.2,8.8,13.81
Ray Tetreault - BOS,1,13,9,0,0,0,0,0,1,,61,0,61,,0,0,0,0,0,0,,0,0,13,14.73
Robert Yeagle - OAK,2,13,14,1.5,0,1.5,0,1,3,,47,7.5,39.5,53.57,0,0.5,0,0,0,0,,0,0,13,16.99
Spencer Land - SEA,2,13,11.5,0.5,0.5,0,1,1,5.5,,64,43.5,20.5,52.17,1,0.5,0,0,0,0,,0.5,0,13,14.13
Simon Perez - CHI,2,13,16,0.5,0.5,0,0.5,-0.5,3,,70,27.5,42.5,46.88,0,1.5,0,0,0,0,,0,0,13,18.18
Adrian Cisneros - LV,8,12.88,9.38,0.63,0,0.63,0.25,0.25,2.63,87.5,56,6,50,32,0.25,0.38,0,0.25,0,0,,0.13,4.75,8.13,14.29
Albert Yuan - BOS,15,12.87,12.8,1.6,0.6,1,0.27,1.47,5.93,95.7,120.93,35.47,85.47,56.25,0.8,0.13,0,0.27,0,0.07,100,0,7.07,5.8,17.48
Dennis Bechis - COL,5,12.8,9.2,1.4,0.2,1.2,0.2,1.6,5,100,91.6,36,55.6,60.87,0.4,0,0,0,0,0.2,100,0,2.6,10.2,13.52
David Bloodgood - DC,10,12.8,7,0.5,0.4,0.1,0.7,0.1,8.6,88.66,46.6,48.5,-1.9,45.71,0.6,1,0,0.1,0,0,0,1.8,0.2,12.6,14.51
Eugene L'Heureux - SLC,14,12.79,8.21,0.86,0.64,0.21,0.36,0.93,4.5,95.45,75.5,47.57,27.93,57.39,0.5,0.21,0.07,0.07,0,0.29,100,9.71,0.21,12.57,15.73
Josiah Padgett - HTX,4,12.75,7,0.25,0,0.25,0,-0.5,1.25,,31.75,3.5,28.25,28.57,0.5,0.25,0,0.5,0,0,0,0,2.5,10.25,11.22
Noah Backer - BOS,7,12.71,9.57,0.86,0.29,0.57,0.43,0,14.14,93.4,61.43,57.43,4,55.22,0.43,1,0,0.29,0,0.14,33.33,0.14,1.29,11.43,17.55
Benjamin Attal - PIT,3,12.67,11,0.33,0.33,0,0,0,13.33,95.24,108.33,70.33,38,30.3,0.33,0.33,0,0,0,0.33,100,0,7,5.67,14.91
Coby Loveranes - DC,6,12.67,13.83,2.33,0,2.33,0.5,2.17,8.17,92.45,182.83,24.33,158.5,60.24,1.17,0.5,0,0.17,0,0,,0,11.67,1,13.17
Jackson Heglie - ORE,6,12.67,7.83,1.83,0.33,1.5,0.17,1.5,3.5,91.3,74.5,12.33,62.17,40.43,0.17,0.33,0,0.17,0,0,,0,2.67,10,12.9
Saaketh Palchuru - ATX,12,12.67,7.17,0.67,0.5,0.17,0.33,0.33,5.83,89.74,46.5,32,14.5,51.16,0.5,0.67,0,0,0,0,0,0,0.17,12.5,14.56
Louie Bertoncin - SEA,8,12.63,11.13,1,0.63,0.38,0.38,0,7.5,86.96,79,42.13,36.88,42.7,0.13,1.13,0,0.25,0,0.13,100,0,4.63,8,15.52
Tanner Robinson - ATL,8,12.63,5.13,0.25,0.13,0.13,0.13,0.38,2.5,100,17.13,10.25,6.88,65.85,0.25,0,0,0,0,0,,0,0,12.63,14.8
Nate Astrom - CHI,5,12.6,14.8,2.4,1,1.4,1,2.4,5.8,87.88,155.8,44.2,111.6,60.81,0.6,0.6,0,0.4,0,0.2,33.33,0.2,8,4.6,15.29
David Yu - COL,7,12.57,10.86,0.57,0.43,0.14,0.29,0,5.71,86.96,60,24.71,35.29,46.05,0.57,0.71,0,0.14,0,0,,0,0.29,12.29,16.45
Luke Yorgason - SLC,7,12.57,8.86,1.57,0.71,0.86,0.57,1.86,8.29,96.67,128.71,82.71,46,66.13,0.71,0.29,0,0,0,0.43,100,0,1.43,11.14,14.78
Victor Sauvé - MTL,7,12.57,11.86,1.14,0.14,1,0,0.86,3.29,92,65.71,14.14,51.57,49.4,0.57,0.29,0,0,0,0,,0,6,6.57,14.14
Alec Wilson Holliday - ATL,13,12.54,14.46,3.46,0.54,2.92,0.31,3.31,7.85,94.44,198.54,23.62,174.92,65.96,1.15,0.46,0,0,0,0.15,100,0,12.46,0.08,14.25
CJ Knarr - IND,2,12.5,8,0,0,0,0,-0.5,9.5,95,102.5,58,44.5,,1,0.5,0,0,0,0.5,100,0,1.5,11,13.61
Matthew Weaver - IND,6,12.5,12.17,1.5,0.83,0.67,0.5,0.67,7,85.71,86.33,36.5,49.83,28.77,0.33,1.17,0,0.17,0,0.17,25,0.33,4,8.5,15.2
Scott Hearne - ATX,2,12.5,7.5,1,1,0,0,0.5,4,,49,35,14,,0,0.5,0,0,0,0,,9,0,12.5,13.86
Chase Rawlins - PHI,10,12.4,8.2,1.1,0.6,0.5,0.4,1.1,3.4,87.18,92.1,14.9,77.2,45.12,0.3,0.3,0,0.1,0,0,0,0.4,3.6,8.8,13.63
Henry Babcock - BOS,10,12.4,8.1,1.2,0.8,0.4,0.2,0.7,13.7,95.14,102.3,77.9,24.4,56.79,0.7,0.6,0,0.1,0,0.2,100,0.5,1,11.4,15.2
Philippe Gagnon - MTL,5,12.4,5.6,0,0,0,0.8,0.4,2.2,,24.4,10,14.4,46.43,0.2,0.2,0,0.2,0,0,,0,0.6,11.8,16.15
Coleman Tappero - ATL,8,12.38,5,0.63,0.25,0.38,0.25,0.63,6.63,96.36,32.75,33.38,-0.63,52.5,0.13,0.25,0,0,0,0.13,100,0,0,12.38,13.54
Ryan Liao - SEA,8,12.38,10.5,0.75,0.13,0.63,0.13,0.5,2.63,84,52.5,20.75,31.75,35.71,0.5,0.38,0,0,0,0,,0,3.38,9,15.38
Matt Grinde - MAD,11,12.36,13.82,1.27,0.27,1,0.18,0.45,7.18,86.81,123.27,31.09,92.18,49.34,0.73,1,0,0,0,0,,0,6.64,5.73,15.31
Alex Kabat - SEA,3,12.33,6.33,0.33,0,0.33,0,0.33,0.67,,33.33,10.33,23,,0.33,0,0,0,0,0,,0,0.67,11.67,10.19
Chris Graber - PIT,3,12.33,9.67,0.67,0,0.67,0,0.67,1.67,,9.67,-7.33,17,37.93,0,0,0,0,0,0,,0,0,12.33,16.13
Frederick Farah - DC,3,12.33,6.33,0.33,0,0.33,1.33,1.67,2.67,,27.33,2,25.33,,0,0,0,0,0,0,,0,0.67,11.67,13.89
Ken Adams - MAD,3,12.33,19.67,1.67,0.67,1,0.67,0.67,12.67,88.37,147,98.67,48.33,37.29,0.33,1.33,0,0.33,0,0.33,100,0,12.33,0,18.13
Shane Davidson - LV,3,12.33,9.33,1,1,0,1,-0.33,11.67,81.4,127.67,95.33,32.33,21.43,0.33,2.33,0,0,0,0.33,33.33,3.67,2,10.33,13.63
Shane Otis - MAD,3,12.33,8.67,0.33,0.33,0,0,0.33,4.67,,18.67,13.33,5.33,38.46,0.67,0,0,0,0,0.33,100,0,0,12.33,13.88
Justin Keller - PHI,10,12.3,7,0.4,0.3,0.1,0.1,0.5,6,100,35.6,29.7,5.9,54.29,0.4,0,0,0,0,0.1,100,0,0.9,11.4,16.11
Andrew Muller - COL,8,12.25,8.25,1,0.5,0.5,0.38,1.25,1.88,,52.63,23.13,29.5,62.12,0.38,0,0,0.13,0,0.13,100,0,0.63,11.63,13.29
Ben Greenberg - DC,8,12.25,7.75,1.25,0.88,0.38,0.38,1.25,8.5,94.44,87.88,60,27.88,59.68,0.13,0.38,0,0,0,0.25,100,5,0.13,12.13,16.13
Elijah Jaime - ATL,8,12.25,7.38,0.5,0.38,0.13,0,0.13,3.13,92.59,45.88,9.75,36.13,54.24,0.25,0.25,0,0.13,0,0.13,50,0,0,12.25,15.24
Rowan Jamieson  - TOR,4,12.25,7.25,1.25,0,1.25,0.25,1.25,1.75,,49,-4.25,53.25,41.38,0.25,0,0,0.25,0,0,,0.5,2,10.25,13.84
Colin Berry - MIN,14,12.21,12.5,1.5,0.64,0.86,0.5,1.14,6,89.36,107.93,47.57,60.36,49.14,0.71,0.71,0,0.14,0,0.36,62.5,0,5.07,7.14,14.9
Karl Ekwurtzel - ATL,14,12.21,14.36,2.5,0.14,2.36,0.21,2.43,6.64,96.88,127.57,-8.64,136.21,62.19,0.64,0.21,0,0.07,0,0,,0,11.5,0.71,15.19
Chris Roach - SEA,5,12.2,8.6,0.6,0.4,0.2,0,0.2,1.6,,55.4,26.8,28.6,39.53,0,0.2,0,0.2,0,0.2,100,7,0.8,11.4,13.69
Zakarie Massi - MTL,5,12.2,6.2,1.2,0.6,0.6,0.2,1,1.6,,36.6,17.4,19.2,41.94,0,0.4,0,0,0,0.2,33.33,0,0.4,11.8,14.15
Ivan Tran - BOS,11,12.18,6.45,0.64,0.18,0.45,0.73,1.36,5.45,100,44.09,12.27,31.82,54.93,0.45,0,0,0,0,0.09,100,0,0,12.18,15.49
Tanner Graham - IND,9,12.11,10.22,0.67,0.33,0.33,0.44,0.56,7.33,88,46.89,16.67,30.22,38.04,0.56,0.56,0,0,0,0.11,100,0,2.33,9.78,15.64
Sam Goldstein - COL,11,12.09,9,1.09,0.55,0.55,0.55,1.18,7.18,90.8,74.64,47.27,27.36,50.51,0.36,0.45,0,0,0,0.18,40,0,0.91,11.18,15.15
David Nester - MAD,4,12,10,2,1.5,0.5,0.25,1.5,4.5,90,78.25,56,22.25,57.5,0.5,0.5,0,0.25,0,0,0,0,0.5,11.5,12.91
Everett Grass - LA,11,12,8,0.45,0.09,0.36,0.27,0.27,9.09,95.24,69.27,42.73,26.55,40.91,0.36,0.36,0,0.09,0,0,0,0,2.45,9.55,14.68
Jared Canfield - TOR,4,12,7.25,0.25,0,0.25,0.25,0.25,2.25,,42.75,10.75,32,44.83,0.5,0.25,0,0,0,0,,0.25,1.75,10.25,14.13
Justin Cheung - TOR,1,12,9,1,0,1,0,1,6,,46,16,30,,0,0,0,0,0,0,,0,2,10,17.72
Kuochuan Ponzio - MTL,9,12,7.78,1,0,1,0.11,1,3.11,100,47.78,11.89,35.89,50,0.22,0,0,0.11,0,0,,0,1.33,10.67,13.76
Oakley Armstrong - ATX,9,12,7.67,0.67,0.11,0.56,0.56,0.78,2.67,88.89,45.56,24.44,21.11,50.72,0.56,0.33,0,0.11,0.11,0,,0.33,0,12,13.75
Rudra Menon - LA,1,12,13,0,0,0,0,-4,2,,51,24,27,,1,4,0,0,0,0,0,0,0,12,18.23
Sebastian Williamson - ORE,8,12,8.75,0.25,0,0.25,0.25,-0.25,3.13,96.15,34.38,5.63,28.75,24.29,0.13,0.13,0,0.63,0,0,,0,1.5,10.5,15.19
Theo Shapinsky - DC,5,12,6.8,0.4,0.4,0,0,0.2,7.6,100,32,18.6,13.4,41.18,0,0,0,0.2,0,0,,0,0.2,11.8,13.52
Joe Molder - PIT,9,11.89,7.89,0.44,0.22,0.22,0.44,0.78,1.33,,34.89,2.89,32,46.48,0,0.11,0,0,0,0,,0,1.44,10.44,12.64
Kevin Nicholl - PIT,9,11.89,10,0.33,0.11,0.22,0.22,0,6.67,92.31,46.56,21.78,24.78,37.78,0.44,0.33,0,0.22,0,0,,0,3.22,8.67,13.84
Raphael Salvas - MTL,8,11.88,7.5,0.25,0.13,0.13,0.5,-0.63,3.88,77.5,38.5,13.38,25.13,36.67,0.25,1.13,0,0.25,0,0,0,0,1.75,10.13,14.49
Paul Hooley - MTL,10,11.8,8.4,1.2,0.7,0.5,0.3,1,6.9,90.79,94.3,57.1,37.2,39.29,0.4,0.5,0,0,0,0.1,50,5,1.6,10.2,15
Cole Davis-Brand - BOS,4,11.75,6.5,1.25,1,0.25,0,1,8.5,97.14,63.5,50.5,13,57.69,0.75,0.25,0,0,0,0,,5.25,1.5,10.25,14.95
Drew Loughnane - PHI,4,11.75,6.75,0.75,0,0.75,0.5,1,1.25,,43.5,5,38.5,51.85,0.5,0.25,0,0,0,0,,0,0.25,11.5,14.72
Daniel Williams - CHI,4,11.75,12.25,0.75,0.5,0.25,0,-0.5,5.75,79.31,87.75,47.5,40.25,46.94,0.75,1.25,0,0,0,0.25,33.33,6.75,0,11.75,16.3
Mario Verdugo - LV,4,11.75,10.75,0.5,0.25,0.25,0,-0.5,5.75,88.46,50.5,27.25,23.25,18.6,0.25,0.75,0,0.25,0,0,,0,5.25,6.5,11.05
Rocco Linehan - BOS,4,11.75,5.25,0.25,0.25,0,0.5,0.5,3.75,,40.5,28.75,11.75,52.38,0,0.25,0,0,0,0,,3.25,0,11.75,14.38
Henry Everett - PIT,7,11.71,6.29,0.29,0.14,0.14,0.57,0.43,2.29,,35.29,14,21.29,52.27,0.43,0.29,0,0.14,0,0,0,0,1,10.71,12.72
Ashton Hill - IND,3,11.67,12.33,0.67,0,0.67,1.33,0.67,2,,68,4,64,27.03,0.33,0,0,1.33,0,0,,0,2,9.67,14.19
Ben Zhang - CHI,3,11.67,13.33,1.67,0.67,1,0.33,1.67,3.67,,59.67,13.33,46.33,45,0.33,0.33,0,0,0,0,,0,0,11.67,15.88
Isaac Hsu - LA,3,11.67,7.67,0.33,0.33,0,1,0.67,6.67,90.91,33.67,24.67,9,26.09,0,0.67,0,0,0,0.33,100,6.33,0.33,11.33,13.9
Noah Furrh - ATX,6,11.67,6,0.33,0,0.33,0.67,0.67,1,,26,6.83,19.17,36.11,0,0.33,0,0,0,0,,0,0.5,11.17,11.54
Toby Warren - OAK,6,11.67,8.17,1.17,0.83,0.33,0.5,0,11.67,89.74,116.17,82.5,33.67,42.86,0.67,1.33,0,0.33,0,0.5,60,4.17,0,11.67,14.09
Logan Pruess - COL,11,11.64,8.64,0.73,0.18,0.55,0.36,0.73,2.82,88.57,53.64,29.82,23.82,48.42,0.27,0.36,0,0,0,0.18,66.67,0,0.18,11.45,14.52
Jace Bruner - CHI,8,11.63,10.25,0.88,0.38,0.5,0.38,1.13,3.38,96.43,48.5,18.38,30.13,53.66,0.25,0,0,0.13,0,0,,0,0.25,11.38,16.43
Kimball Pew - SLC,13,11.62,7.31,1.23,0.54,0.69,0.85,1.92,4.77,96.88,76.46,44.08,32.38,61.05,0.46,0.15,0,0,0,0.31,100,0,0.31,11.31,13.53
Ethan Li - SD,5,11.6,9.4,1,0,1,1,1.4,5.2,89.66,68.8,26.4,42.4,53.19,1,0.6,0,0,0,0,,0,0.2,11.4,14.66
Nick Tolfa - OAK,10,11.6,8.4,0.6,0,0.6,0.4,0.3,2.1,72.41,36.2,-3.6,39.8,42.86,0.1,0.7,0,0,0,0,0,0,0.4,11.2,13.15
Zachary Burpee - DC,5,11.6,12.4,1,0.6,0.4,0,0.4,5,86.21,96.6,43.2,53.4,38.71,0,0.6,0,0,0,0,0,0.4,8.4,3.2,15.1
Mike Kobyra - ATL,12,11.58,5.92,0.42,0.17,0.25,0.25,0.67,1.42,,26.92,9.17,17.75,54.93,0.25,0,0,0,0,0,,1,0,11.58,13.16
Peter Lenz - SD,7,11.57,13.43,1.43,0.71,0.71,0.71,1.29,12.57,94.62,150.71,101.14,49.57,54.26,0.29,0.71,0,0.14,0,0.43,100,0.71,8.71,2.86,12.95
Arthur Aucoin - NY,4,11.5,6,1.25,0.25,1,0.25,1.5,2.25,,29.25,8.75,20.5,54.17,0.25,0,0,0,0.25,0,,0,1,10.5,14.08
Bradley Kennis - IND,2,11.5,12.5,1.5,1,0.5,0,0.5,4,,81,11.5,69.5,32,0,0.5,0,0.5,0,0,,0,4.5,7,13.22
Calvin Trisolini - PHI,4,11.5,12.75,1.75,0.75,1,0,1,15.5,96.88,172.75,122.75,50,43.14,0.25,0.5,0,0.25,0,0.25,50,0.25,10,1.5,12.9
Jac Carreiro - BOS,4,11.5,6.25,0,0,0,0.25,-0.25,2.75,,35,4.75,30.25,56,0.25,0.5,0,0,0,0,,0.25,0,11.5,16.13
Ryan Martin - LV,6,11.5,8.67,0.33,0,0.33,0.33,0.33,4.33,92.86,44.33,15.67,28.67,28.85,0,0.17,0,0.17,0,0.17,100,0.5,3.67,7.83,13.55
Riley Ulmer - IND,2,11.5,13.5,1,0,1,0,0.5,2.5,,50.5,2,48.5,18.52,0,0.5,0,0,0,0,,0,4,7.5,13.88
Andres Rodriguez - PHI,7,11.43,7.29,0.71,0.43,0.29,0.71,0.71,5.43,86.36,65.57,35.71,29.86,54.9,0.57,0.57,0,0.14,0,0,,0.43,0.43,11,15.67
Aage Bonnell - SEA,5,11.4,9,0.6,0.2,0.4,0.2,0.4,5,96.15,63,38,25,44.44,0,0.2,0,0.2,0,0.2,100,0,1,10.4,13.31
Jacob Rollins - PIT,8,11.38,7.13,1,0.38,0.63,0.13,0.88,3.13,96.15,48.5,9.88,38.63,49.12,0.5,0.13,0,0.13,0,0.13,100,0.13,1.38,10,12.1
Morgan Sommer - OAK,8,11.38,9.88,0.63,0,0.63,0.63,0.88,1.88,,34.88,2,32.88,56.96,0.13,0.25,0,0.13,0,0,0,0.75,3.13,8.25,13.08
Erik Olsen - DET,6,11.33,6.83,0,0,0,0.5,0.33,1.33,,10.5,3.83,6.67,24.39,0,0.17,0,0,0,0,,0,2.33,9,11.36
Kevin Land - HTX,3,11.33,6.67,0,0,0,0,-0.33,4.33,,67,33.67,33.33,50,0.67,0,0,0.33,0,0,,0,2.33,9,13
Richard Ware - DET,9,11.33,6.22,0.33,0,0.33,0.33,0.56,1,,19.44,-1.78,21.22,25,0.22,0,0,0.11,0,0,,0,1,10.33,10.89
Bailey Wu - SEA,5,11.2,7.6,0.4,0.2,0.2,0,0.2,1.2,,17,4.4,12.6,47.37,0,0.2,0,0,0,0,,0,0.6,10.6,11.75
Nate Long - PHI,5,11.2,13.6,1,0.8,0.2,0.2,0.6,14.2,93.42,153.8,138,15.8,42.65,1.4,0.4,0,0.2,0,0.2,50,3,7,4.2,13.88
Tristan Yarter - NY,10,11.2,4.6,0.2,0.2,0,0.5,0.5,3.7,97.37,15.6,19.9,-4.3,52.17,0.2,0.1,0,0.1,0,0,,1,0.2,11,12.78
Max Sample - MAD,6,11.17,14.5,2.17,0.5,1.67,0.17,1.17,9.5,95,147,34.67,112.33,42.53,0.83,0.5,0,0.67,0,0.17,33.33,0,10.33,0.83,15.67
Ethan Fortin - BOS,13,11.15,7,0.38,0.23,0.15,0.38,0.38,10.54,96.48,61.15,53.08,8.08,53.85,0.31,0.38,0.08,0,0,0.15,66.67,4.69,1.46,9.69,14.7
Jack Nelson - MAD,7,11.14,17.86,2.14,1.43,0.71,0.43,2,7.14,86.21,186.86,73.57,113.29,37.6,0.43,0.57,0,0,0,0.71,71.43,0,11.14,0,15.3
Wyatt Berreman - OAK,12,11.08,8.42,0.33,0.08,0.25,0.42,0.75,3.33,100,29.92,9.33,20.58,50.5,0.25,0,0,0,0,0,,0.08,0,11.08,13.77
Andrew Sjogren - CHI,8,11,9.13,1.25,0.5,0.75,0.5,1.38,4.13,91.67,74.88,17.13,57.75,63.01,0.25,0.38,0,0,0,0,,0,1,10,13.2
Declan Kervick - BOS,1,11,6,1,1,0,0,0,8,,64,28,36,,1,0,0,1,0,0,,0,3,8,14.53
Ethan Pigeon - PHI,6,11,7,0.83,0.17,0.67,0.17,0.5,4,92.31,58.17,3.67,54.5,59.52,0.83,0.33,0,0.17,0,0,,0,0.83,10.17,14.99
Elijah Salmon - SD,2,11,8,0,0,0,0,-0.5,5,,18.5,9.5,9,,0.5,0.5,0,0,0,0,,0.5,0,11,13.43
Gavin Abrahamsson - BOS,1,11,7,2,0,2,0,2,2,,14,-6,20,,0,0,0,0,0,0,,0,3,8,15.22
Isaac Lee - DC,9,11,6,0.67,0.44,0.22,0.22,0.44,7.33,95.65,64,47.67,16.33,51.85,0.11,0.33,0,0.11,0,0.56,83.33,0.56,0.22,10.78,14.1
Matt Thomas - DC,1,11,3,1,0,1,0,1,1,,29,7,22,,0,0,0,0,0,0,,0,1,10,8.57
Peter Kotz - BOS,5,11,7.6,0,0,0,0,0,0.8,,13.4,2.6,10.8,34.21,0.2,0,0,0,0,0,,0,0,11,13.8
Ryan Drost - NY,1,11,6,0,0,0,0,0,2,,-10,-22,12,,1,0,0,0,0,0,,0,0,11,11.02
Reggie Sung - SD,10,11,5.1,0.9,0.3,0.6,0.3,0.8,1.5,,26.4,13.6,12.8,62.75,0.3,0.4,0,0,0,0,,0,0,11,12.71
Tanner Barcus - MIN,1,11,11,3,2,1,0,3,8,,160,63,97,,0,0,0,0,0,0,,0,4,7,13
Zac Byrnes - CAR,1,11,8,0,0,0,4,4,10,,210,108,102,,3,0,0,0,0,0,,0,0,11,15.98
Toya Chukwumerije  - HTX,10,10.9,5.5,0.2,0,0.2,0.5,0.7,1.1,,12.5,3.1,9.4,30.91,0.2,0,0,0,0,0,,0,1,9.9,10.98
Jake Thorne - CAR,8,10.88,5.75,0.25,0,0.25,0.38,0.5,2.88,95.83,33.63,1.5,32.13,54.35,0.25,0.13,0,0,0,0,,0,1.5,9.38,12.37
Nayland Stuart - LV,8,10.88,9.13,0.75,0.5,0.25,0.25,0,3.38,81.82,58.63,28.38,30.25,30.14,0,0.75,0,0.25,0,0.13,25,1,5.25,5.63,11.78
Harry Norris - TOR,7,10.86,5.43,1,0.43,0.57,0.14,0.57,2.29,80,55.57,8.86,46.71,52.63,0.14,0.57,0,0,0,0,0,0.29,0.57,10.29,12.3
Alex Janelle - ATX,9,10.78,6.44,0.78,0.56,0.22,0.89,1,4.33,84.78,64.11,40.67,23.44,51.72,0.44,0.67,0.11,0,0,0.44,66.67,5,0,10.78,11.54
Araav Sehgal - TOR,8,10.75,5.63,0.5,0.5,0,0.25,0.63,5.75,100,51.75,43.13,8.63,53.33,0.38,0,0,0.13,0,0.13,100,0,1.13,9.63,12.34
Trenton Hebert - ATX,8,10.75,4.88,1.38,0.88,0.5,0.25,1.5,3.63,96.67,59,31.5,27.5,64.1,0.25,0.13,0,0,0,0.13,100,0.38,0,10.75,9.74
Daniel Welkener - ATX,9,10.67,7.44,0.89,0.56,0.33,0.33,1,5.11,95.83,77.22,52.11,25.11,59.7,0.22,0.22,0,0,0,0.22,66.67,2.67,0.11,10.56,11.91
Hudson Stuck - LA,6,10.67,7.67,0.67,0,0.67,0.17,0.83,5.67,100,79.33,32.5,46.83,36.96,0.17,0,0,0,0,0,,0,1.67,9,16.35
Jeremiah Branson - SLC,9,10.67,7.56,0.78,0.67,0.11,0.33,0.78,5.67,94.44,60.67,38.11,22.56,57.35,0.44,0.33,0,0,0,0.22,100,0,1,9.67,13.37
Dmitry Suvorov - NY,8,10.63,6.25,0.63,0.25,0.38,0.13,0.5,2.5,100,38.38,18.25,20.13,50,0.13,0,0,0.25,0,0,,0,0.13,10.5,11.44
Rhys Bergeron - DC,8,10.63,5.75,0.75,0.38,0.38,0.38,1.13,2.38,,40.5,16.75,23.75,56.52,0,0,0,0,0,0.13,100,0.13,0,10.63,13.39
Zac Schakner - LA,7,10.57,6,0.43,0.14,0.29,0.57,0.43,5.43,88.37,34,-0.14,34.14,30.95,0.29,0.57,0,0,0,0,0,0.14,1.71,8.86,14.75
Dane Miller - SLC,2,10.5,5.5,0,0,0,0,0,3.5,,19.5,4,15.5,,0,0,0,0,0,0,,0,0,10.5,9.97
Daniel Pryke - SD,2,10.5,7.5,1,0,1,0,0.5,3.5,,69,20.5,48.5,,1,0,0,0.5,0,0,,0.5,0,10.5,12.12
Elliott Eve - SD,2,10.5,7,1,0.5,0.5,0.5,1.5,2.5,,56,6.5,49.5,,0.5,0,0,0,0,0,,0,0,10.5,12.65
Ethan Wimmer - SLC,2,10.5,7.5,1,0,1,1,0.5,2,,63,22,41,,0,1.5,0,0,0,0,0,0,0,10.5,14.54
Robert Hausmann - ATX,6,10.5,5.17,0.17,0.17,0,0.33,-0.17,1.17,,15,3.83,11.17,54.84,0,0.67,0,0,0,0,,0,0,10.5,11.06
Conor Bauman - OAK,8,10.38,6.75,0.25,0.25,0,0.5,0,4.63,84.09,34.75,29.63,5.13,44.44,0.13,0.75,0,0,0,0.13,33.33,2.38,0,10.38,12.94
Liam Jay - OAK,11,10.36,7.55,1.09,0.91,0.18,0.09,1.09,6.82,97.4,49.55,48.18,1.36,44.58,0.09,0.09,0,0,0,0.18,100,0.09,0,10.36,13.67
Sam Alston - NY,11,10.36,5.91,0.64,0.36,0.27,0.64,1,2.82,91.18,26.45,3.55,22.91,53.85,0.27,0.27,0,0,0,0,,5,0.09,10.27,11.48
Conrad Nguyen - DET,3,10.33,7.33,0.33,0,0.33,0,-1.33,2.67,,11.33,17.33,-6,22.73,0,1.67,0,0,0,0,,0,4.33,6,11.18
Jake Anderson - LV,6,10.33,6.67,0.17,0,0.17,0.17,0.17,0.5,,12.67,-1.83,14.5,25,0,0.17,0,0,0,0,0,0,1.5,8.83,10.61
Liam McKeown - MTL,7,10.29,5.71,0.43,0.43,0,0.43,0.57,3.86,90,51.14,31.29,19.86,42.5,0.43,0.29,0,0,0,0.29,100,1.14,0.57,9.71,11.85
Ben Levy - NY,5,10.2,5.6,0.2,0,0.2,0.2,-0.2,5,89.29,24,18.4,5.6,60.71,0,0.6,0,0,0,0,,0,0.2,10,9.51
Eric Nardelli - PHI,11,10.18,6.09,0.36,0,0.36,0.55,0.64,3,94.29,22.64,7.55,15.09,44.78,0.09,0.18,0,0.09,0,0,,0,1,9.18,12.57
Ray Palazzo - DET,7,10.14,6.57,0.29,0.14,0.14,0,-0.86,3.57,75.76,44.86,20.43,24.43,28.26,0,1,0,0.14,0,0.14,100,0.14,1.86,8.29,10.92
Bryan Downey - HTX,9,10.11,9.33,1.22,0.67,0.56,0.11,1,7.44,95.71,128.67,86,42.67,46.43,1,0.33,0,0,0,0.78,100,0,4.67,5.44,10.26
Connor Garrison - LV,3,10,7,0,0,0,0.67,0.33,2,,15.33,5.67,9.67,14.29,0,0.33,0,0,0,0,,0,0,10,12.79
David Frongillo - LV,1,10,4,1,1,0,0,0,1,,25,4,21,,0,1,0,0,0,0,,0,0,10,11.98
Dylan Nice - CHI,1,10,13,1,0,1,1,2,3,,49,12,37,,0,0,0,0,0,0,,0,5,5,12.28
Emmanuel Bilolo - ATX,1,10,4,0,0,0,0,0,1,,5,1,4,,0,0,0,0,0,0,,0,0,10,15.18
Elijah Long - CAR,1,10,6,0,0,0,0,-1,6,,67,37,30,,0,1,0,0,0,0,,0,3,7,13.3
Evan Miller - SLC,2,10,9,1,0.5,0.5,0,1,3,,56.5,17,39.5,,0,0,0,0,0,0,,0,5,5,12.03
Isaiah Hernandez - LA,1,10,7,1,0,1,0,1,1,,29,1,28,,0,0,0,0,0,0,,0,1,9,12.15
Rui Carvalho - TOR,3,10,4.33,0,0,0,0,0,0.67,,1.33,-1.67,3,,0.33,0,0,0,0,0,,1.33,0.67,9.33,11.76
Spencer Lofink - SEA,1,10,11,1,1,0,0,0,28,96.55,201,198,3,,4,1,0,0,0,1,100,0,9,1,15.35
Steve Mogielski - SEA,1,10,5,1,1,0,0,1,2,,47,36,11,,0,0,0,0,0,0,,0,0,10,6.2
Thomas Preston - PHI,2,10,6,0.5,0,0.5,0,0.5,1.5,,41,18,23,,0,0,0,0,0,0,,0,2.5,7.5,9.68
Julian Reeves - ORE,11,9.91,7.09,0.45,0.27,0.18,0.09,-0.09,5.82,90.14,47.18,31.18,16,35.9,0.18,0.55,0,0.09,0,0,0,0,1,8.91,12.27
Jason Tapper - BOS,8,9.88,5.5,0.38,0.25,0.13,0.25,0.38,2.13,,45.38,10.38,35,52.27,0,0.25,0,0,0,0.13,100,0,0,9.88,11.99
Royce Grundy - LA,7,9.86,6.29,0.71,0.43,0.29,0.43,0.86,2,,36.71,14.57,22.14,31.82,0,0.14,0,0.14,0,0,,0,0.71,9.14,13.89
Nicolas Gagnon - MTL,6,9.83,5.17,0.17,0,0.17,0.17,0,1.33,,27,4.33,22.67,32.26,0.33,0.17,0,0.17,0,0,,0,1,8.83,12.5
Walker Matthews - CAR,5,9.8,6,1.2,0.8,0.4,0.2,1,3.6,90,86,29,57,50,0.2,0.4,0,0,0,0.4,100,4.2,1,8.8,11.53
Alex Gravatt - MAD,4,9.75,5.25,0,0,0,0.25,-0.5,0.5,,7.25,7.5,-0.25,47.62,0,0,0,0.75,0,0,,0,0.25,9.5,10.78
Jackson Allen - LV,4,9.75,5.75,0,0,0,0.25,-0.25,0.75,,15.25,5.75,9.5,26.09,0.25,0.5,0,0,0,0,,0,1.5,8.25,11.71
Jonathan Lee - ORE,4,9.75,8.25,1.25,0.75,0.5,0,1.25,4.5,,55,31.75,23.25,54.55,0.25,0,0,0,0,0,,0,2.75,7,11.21
Liam Bestian - LA,4,9.75,9,0.5,0.25,0.25,0.25,-0.5,3.25,,46.25,27,19.25,22.22,0.5,1,0,0.25,0,0,0,2.75,2.75,7,14.2
Isamu Kawaguchi - SD,7,9.71,3.86,0.43,0,0.43,0.14,0.43,1,,8.57,1.43,7.14,62.96,0,0.14,0,0,0,0,,0,0.14,9.57,9.65
Cole Stenseth - SLC,3,9.67,5.33,0.33,0,0.33,0.67,0.67,1,,25.33,8.33,17,,0.33,0.33,0,0,0,0,,0,0,9.67,11.18
Gabe Nobis - SEA,3,9.67,5,0.33,0.33,0,0,0,5.33,,67.67,60,7.67,,0.33,0.33,0,0,0,0.67,100,0,0.33,9.33,9.9
Jason Lee - LA,6,9.67,7.5,0.17,0,0.17,0.5,0.67,2.83,,26,0,26,26.67,0,0,0,0,0,0,,0,1.67,8,15.46
Morey Averill - PIT,3,9.67,3.33,0.33,0,0.33,0.33,0.33,0.33,,15.67,3.33,12.33,,0,0.33,0,0,0,0,,0,0.67,9,9.29
Max Junga - MAD,6,9.67,5.17,0.5,0.5,0,0.5,0.67,1,,40.33,26.5,13.83,48.39,0.17,0.33,0,0,0,0.5,75,0,0.17,9.5,8.85
Spencer Sih - LA,3,9.67,7,0,0,0,0,0,2.67,,7.33,9,-1.67,28.57,0,0,0,0,0,0,,0,0,9.67,14.1
Frankie Gomez - ATX,6,9.5,4.83,0.33,0,0.33,0.17,0.5,0.17,,15.5,2.17,13.33,51.72,0,0,0,0,0,0,,0.17,0.17,9.33,8.59
Jack Dowling - ATX,2,9.5,3,0.5,0.5,0,0,0.5,3,,33,20,13,,0,0,0,0,0,0,,0.5,0,9.5,11.01
Nate Machak - HTX,2,9.5,7,0.5,0,0.5,0,0.5,7,,105,61,44,,0,0,0,0,0,0,,0.5,3.5,6,11.21
Olivier Gamache - MTL,2,9.5,4.5,0.5,0,0.5,0,0.5,2,,32.5,1.5,31,,0,0,0,0,0,0,,0,0.5,9,11
Tomas Fong - SD,4,9.5,4.75,0,0,0,0,-0.75,0.5,,3.5,1,2.5,,0,0,0,0.75,0,0,,0,0,9.5,10.99
Dillon Bruer - CAR,5,9.4,2.4,0,0,0,0,0,0.8,,10.4,0.8,9.6,,0,0,0,0,0,0,,1.2,0,9.4,9
Michael Lee - CAR,5,9.4,4.4,0.4,0.4,0,0,0.4,2,,17.4,-0.8,18.2,59.09,0,0,0,0,0,0,,0,0,9.4,11.85
Ethan Lieman - NY,6,9.33,4.33,0.5,0.33,0.17,0.33,0.67,3.17,95,33.83,11,22.83,46.15,0.5,0.17,0,0,0,0,,0,1,8.33,9.69
Logan Call - PIT,6,9.33,5.33,0.17,0.17,0,0.17,0,1,,19.33,5,14.33,25,0,0.33,0,0,0,0,,3.17,0.5,8.83,8.89
Vedant Sachdeva - NY,9,9.33,5.11,0.22,0,0.22,0.22,0.33,1.22,,14,5.33,8.67,52.17,0.22,0.11,0,0,0,0,,0,0,9.33,10.23
Alex Warrington - PIT,7,9.29,5.43,0.29,0.29,0,0.29,0,1.86,,31.29,9.43,21.86,28.95,0.14,0.29,0,0.29,0,0,,0,0.71,8.57,8.65
Grant Cole - ORE,4,9.25,7.25,0.25,0,0.25,0,-1,5,80,17.75,15.5,2.25,37.93,0.25,1.25,0,0,0,0,,0,0.5,8.75,11.48
Jason Wherry - PIT,8,9.25,4.88,0.13,0.13,0,0.38,0,4.63,90.24,39.38,20.5,18.88,41.03,0.25,0.38,0,0.13,0,0,,0,0.38,8.88,8.79
Kelvin Huang - TOR,11,9.18,5.27,0.45,0,0.45,0.09,0.09,2.27,83.33,25.91,7.36,18.55,51.72,0.27,0.45,0,0,0,0,0,0,1.09,8.09,10.52
Ethan Sarles - PHI,7,9.14,5.86,0.86,0.57,0.29,0,0.43,5.57,90.7,94.14,68.14,26,46.34,0.14,0.43,0,0,0,0.86,75,6.71,1,8.14,10.15
Francesco Russo - LA,7,9.14,5.29,0.29,0,0.29,0,0.14,1.43,,37.43,5.86,31.57,37.84,0,0,0,0.14,0,0,,0,0.29,8.86,13.81
Trip Crowley - ATL,7,9.14,6,1.14,0,1.14,0.29,1.43,1.86,,31.86,-8.71,40.57,50,0,0,0,0,0,0,,0,2.43,6.71,10.45
Cole Eustis - ORE,4,9,6.75,0.25,0,0.25,0,-0.5,1.5,,36.75,8.5,28.25,22.22,0.25,0.75,0,0,0,0,0,2.25,1,8,11.33
Caleb Stanish - PIT,6,9,5.17,0.33,0.17,0.17,0.33,0.67,0.67,,20,2.33,17.67,32.26,0.17,0,0,0,0,0,,0,0.5,8.5,9.47
Garrett Wilson - ATX,1,9,2,0,0,0,0,0,0,,0,0,0,,0,0,0,0,0,0,,0,0,9,6.83
Jean-Levy Champagne - MTL,1,9,5,1,1,0,0,1,4,,50,42,8,,0,0,0,0,0,0,,0,0,9,10.73
John Sickles - COL,1,9,10,2,2,0,1,2,7,,171,126,45,,0,1,0,0,0,2,100,0,0,9,14.75
Michael Hlavaty - CHI,2,9,8.5,0.5,0.5,0,0.5,0,7,,34.5,20.5,14,,0.5,0.5,0,0.5,0,0,,0,0,9,11.98
Nathan Williams - ORE,2,9,6.5,0,0,0,0,-0.5,1,,8.5,-5,13.5,,0,0,0,0.5,0,0,,0,0.5,8.5,11.08
Travis Puckrin - TOR,2,9,7.5,0.5,0.5,0,1.5,1.5,6,,100,50.5,49.5,,0,0.5,0,0,0,0.5,100,0,2.5,6.5,12.72
Tanner Roberts - CAR,4,9,5.5,0.5,0,0.5,0.5,0.75,1.5,,40.5,4.5,36,54.55,0,0.25,0,0,0,0,0,0,0,9,11.58
Victor Zhivich - LA,2,9,6,0.5,0,0.5,0.5,0.5,2.5,,28,-0.5,28.5,,0,0.5,0,0,0,0,,0,0.5,8.5,11.81
Kevin Jay - TOR,7,8.86,5.14,0.29,0.14,0.14,0.14,0.29,3.14,95.65,28.29,18.29,10,38.89,0.14,0.14,0.14,0,0,0,0,0.29,1.71,7.14,9.71
Christopher Zaleski - PHI,3,8.67,5.33,0.67,0.67,0,0,0.33,4.33,,33,8.33,24.67,,0.33,0,0,0.33,0,0,,0,1,7.67,9.24
Samuel McCrory - NY,2,8.5,4,0,0,0,0.5,0,0,,-5,0,-5,,0,0.5,0,0,0,0,,0,0.5,8,7.61
Thomas Konogeris - SD,2,8.5,7.5,0,0,0,0.5,0.5,1.5,,33.5,4.5,29,,0.5,0,0,0,0,0,,0,3,5.5,9.43
Timothy Mosher - ATX,2,8.5,1.5,0.5,0,0.5,0,0.5,0,,6,0,6,,0,0,0,0,0,0,,0,0,8.5,7.03
Tej Murthy - NY,2,8.5,4,0.5,0,0.5,0,0.5,1,,48,29,19,,0,0,0,0,0,0.5,100,8.5,0,8.5,8.08
Luke Rehfuss - DC,5,8.4,3.2,0.2,0,0.2,0.2,0.2,4.2,95.45,48,18.4,29.6,,0,0.2,0,0,0,0,,1.6,0.2,8.2,11.03
Tannon Hedges - ATX,3,8.33,4.67,0.33,0,0.33,0.33,0.33,2.67,,7.67,11.67,-4,,0.33,0.33,0,0,0,0,0,0.33,0.33,8,9.92
Christopher O'Brien - DET,4,8.25,8.5,0,0,0,0,-0.25,1.75,,19.5,9.5,10,20.59,0,0.25,0,0,0,0,,0,2.25,6,10.6
James McClean - TOR,5,8.2,3.2,0,0,0,0,-0.2,1.4,,10.6,4.6,6,,0,0.2,0,0,0,0,,0,0.4,7.8,9.2
Corey Tolbert - HTX,1,8,7,2,0,2,0,2,0,,29,0,29,,0,0,0,0,0,0,,0,1,7,8.45
Devin Cox - LA,1,8,5,0,0,0,0,0,5,,-29,-11,-18,,0,0,0,0,0,0,,0,0,8,10.87
Ian Dietrich - PHI,3,8,6.67,0,0,0,0,-0.33,4,,67.33,42,25.33,30,0.33,0.33,0,0,0,0,,0,1.33,6.67,10.04
Nolan Stoppel - SEA,2,8,6,0,0,0,0,-0.5,0,,6,0,6,,0,0.5,0,0,0,0,0,0,0.5,7.5,8.75
Noriaki To - NY,1,8,3,0,0,0,0,0,0,,0,0,0,,0,0,0,0,0,0,,0,0,8,7.62
Owen Cordes - BOS,1,8,8,0,0,0,0,0,0,,0,0,0,,0,0,0,0,0,0,,0,0,8,15.52
Owen Heh - ORE,2,8,4,0,0,0,0,0,4.5,,30.5,42,-11.5,,0,0,0,0,0,0,,0,2,6,7.57
Ryan Allenson - SEA,1,8,5,1,0,1,1,2,1,,35,3,32,,0,0,0,0,0,0,,1,1,7,7.4
Robin Maillard - PIT,2,8,7,0.5,0.5,0,0,-1,2,,30.5,15,15.5,,0,1,0,0.5,0,0,,0,1,7,9.07
Nathaniel Austin - ATL,5,7.6,3,0.8,0.2,0.6,0,0.6,0.6,,14.4,0.2,14.2,,0,0,0,0.2,0,0,,0,0,7.6,7.19
Orlando Impas - ORE,5,7.6,5.8,0.4,0.2,0.2,0.2,-0.4,2,,57,21,36,24.14,0.2,0.6,0,0.4,0,0.2,33.33,0,0.4,7.2,10.27
Elliot Rivera - PIT,2,7.5,6,0.5,0,0.5,0,0.5,2,,13,2.5,10.5,,0,0,0,0,0,0,,0.5,1,6.5,8.78
Ismail Kassim - HTX,6,7.5,3.33,0.67,0.33,0.33,0,0.67,1.67,,36.5,4,32.5,35,0,0,0,0,0,0,,0,1.17,6.33,6.39
Sam Harrington - ORE,2,7.5,3.5,1,0,1,0,1,0.5,,70.5,8.5,62,,0.5,0,0,0,0,0,,0,0.5,7,7.25
Zach Singer - BOS,2,7.5,4.5,0.5,0,0.5,0.5,0.5,4,,22,-3.5,25.5,,0,0.5,0,0,0,0,,0,0,7.5,11.38
Drew Laird - ATL,5,7.4,3.6,0.2,0,0.2,0.4,0.6,0.6,,11.4,3.8,7.6,,0,0,0,0,0,0,,0,0,7.4,8.61
Dan Baumgartner - ORE,8,7.38,4,0.13,0.13,0,0.25,0.38,1.38,,23.25,8.38,14.88,31.25,0.13,0,0,0,0,0,,0,0.63,6.75,7.77
Brandon Lamberty - DC,5,7.2,4.8,0,0,0,0.4,0,2.2,,20,18.4,1.6,33.33,0,0.4,0,0,0,0,0,5,0.4,6.8,9.12
Andrew McKelvey - CAR,2,7,2,0,0,0,0,0,0.5,,3,-3.5,6.5,,0,0,0,0,0,0,,0,0,7,8.84
Cam Bellando - CAR,1,7,3,0,0,0,2,2,1,,3,-14,17,,0,0,0,0,0,0,,1,0,7,9.52
Daniel Chickering - SEA,1,7,2,0,0,0,0,-1,3,,16,20,-4,,0,1,0,0,0,0,,0,0,7,5.18
Nicholas Akers - DET,1,7,3,0,0,0,0,0,0,,0,0,0,,0,0,0,0,0,0,,7,0,7,5.67
Trenton Spinks - ATL,3,7,3,0.33,0.33,0,0,0,0.67,,22.33,10.33,12,,0,0.33,0,0,0,0,,0,0,7,8.95
Xavier Schafer - DC,4,7,4,0,0,0,0.25,-0.25,4.75,95,32.75,10.75,22,,0.25,0.25,0,0.25,0,0,,0,0.5,6.5,9.87
Gavin Leahy - SEA,3,6.67,7,1.67,1.33,0.33,0,1.67,3,,57.33,29,28.33,66.67,0.33,0,0,0,0,0,,0.33,3.67,3,8.42
Anthony Grigoletti - DET,4,6.5,3.25,0,0,0,0,0,0.5,,14.25,6.5,7.75,,0,0,0,0,0,0,,0,0,6.5,7.59
Jonah Erb - LV,2,6.5,8,0.5,0.5,0,0,0,1.5,,61.5,-1.5,63,,0.5,0,0,0.5,0,0,,0,6.5,0,9.33
Ben Travers - ORE,1,6,7,0,0,0,0,-1,3,,13,0,13,,1,1,0,0,0,0,,0,0,6,9.63
Dyllon Jeng - PHI,1,6,7,1,0,1,0,0,3,,74,32,42,,0,0,0,1,0,0,,0,0,6,7.53
Gavin May - NY,3,6,3.67,0,0,0,0,0,0.33,,7,4.33,2.67,,0,0,0,0,0,0,,0,0.67,5.33,6.01
John Peterson - DET,1,6,3,0,0,0,0,0,0,,0,0,0,,0,0,0,0,0,0,,0,0,6,8.2
Ryan duSaire - MIN,1,6,8,0,0,0,1,1,7,,82,39,43,,0,0,0,0,0,0,,0,0,6,13.3
Aidan Williams - DET,3,5.33,2.67,0,0,0,0,0,0,,0,0,0,,0,0,0,0,0,0,,0,0.33,5,5.53
Andrew Thai - ATL,1,5,2,0,0,0,0,0,2,,7,7,0,,0,0,0,0,0,0,,0,0,5,6.88
David Perry - PHI,2,5,6,0,0,0,0,-1,2,,39,15.5,23.5,,0,0.5,0,0.5,0,0,,0,0,5,6.57
Ki Greene - ATL,1,5,2,1,1,0,1,2,1,,34,18,16,,0,0,0,0,0,0,,0,0,5,7.12
Angelo Pestritto - DET,1,4,1,0,0,0,0,0,0,,0,0,0,,0,0,0,0,0,0,,0,0,4,4.08
Matt Lyle - HTX,1,4,2,0,0,0,0,0,3,,-3,-3,0,,0,0,0,0,0,0,,0,1,3,3.93
John Laney - CAR,3,3,2,0,0,0,0.33,0.33,0,,0,0,0,,0,0,0,0,0,0,,0,0,3,3.06
Mitch Lutz - HTX,1,3,4,0,0,0,0,0,1,,6,6,0,,0,0,0,0,0,0,,0,3,0,4.07